-- phpMyAdmin SQL Dump
-- version 5.2.0
-- https://www.phpmyadmin.net/
--
-- Host: 127.0.0.1
-- Generation Time: Dec 12, 2022 at 05:22 AM
-- Server version: 10.4.25-MariaDB
-- PHP Version: 8.0.23

SET SQL_MODE = "NO_AUTO_VALUE_ON_ZERO";
START TRANSACTION;
SET time_zone = "+00:00";


/*!40101 SET @OLD_CHARACTER_SET_CLIENT=@@CHARACTER_SET_CLIENT */;
/*!40101 SET @OLD_CHARACTER_SET_RESULTS=@@CHARACTER_SET_RESULTS */;
/*!40101 SET @OLD_COLLATION_CONNECTION=@@COLLATION_CONNECTION */;
/*!40101 SET NAMES utf8mb4 */;

--
-- Database: `reklap_db`
--

-- --------------------------------------------------------

--
-- Table structure for table `admin`
--

CREATE TABLE `admin` (
  `username` varchar(10) NOT NULL,
  `password` varchar(10) NOT NULL
) ENGINE=InnoDB DEFAULT CHARSET=utf8mb4;

--
-- Dumping data for table `admin`
--

INSERT INTO `admin` (`username`, `password`) VALUES
('admin', '1234admin');

-- --------------------------------------------------------

--
-- Table structure for table `daftar_kriteria`
--

CREATE TABLE `daftar_kriteria` (
  `id` int(10) NOT NULL,
  `kriteria` varchar(20) NOT NULL,
  `bawah` varchar(20) NOT NULL,
  `tengah` varchar(20) NOT NULL,
  `atas` varchar(20) NOT NULL
) ENGINE=InnoDB DEFAULT CHARSET=utf8mb4;

--
-- Dumping data for table `daftar_kriteria`
--

INSERT INTO `daftar_kriteria` (`id`, `kriteria`, `bawah`, `tengah`, `atas`) VALUES
(1, 'Harga', 'Murah', 'Sedang', 'Mahal'),
(2, 'Hardisk', 'Kecil', 'Sedang', 'Besar'),
(4, 'Processor', 'Pelan', 'Sedang', 'Cepat'),
(7, 'Ram', 'Kecil', 'Sedang', 'Besar'),
(8, 'Layar', 'Kecil', 'Sedang', 'Besar'),
(10, 'Berat', 'Ringan', 'Sedang', 'Besar');

-- --------------------------------------------------------

--
-- Table structure for table `daftar_kriteria_static`
--

CREATE TABLE `daftar_kriteria_static` (
  `id` int(10) NOT NULL,
  `kriteria` varchar(20) NOT NULL,
  `bawah` varchar(20) NOT NULL,
  `tengah` varchar(20) NOT NULL,
  `atas` varchar(20) NOT NULL,
  `nbawah` int(20) NOT NULL,
  `ntengah` int(20) NOT NULL,
  `natas` int(20) NOT NULL
) ENGINE=InnoDB DEFAULT CHARSET=utf8mb4;

--
-- Dumping data for table `daftar_kriteria_static`
--

INSERT INTO `daftar_kriteria_static` (`id`, `kriteria`, `bawah`, `tengah`, `atas`, `nbawah`, `ntengah`, `natas`) VALUES
(300, 'Harga', 'Murah', 'Sedang', 'Mahal', 3000000, 6000000, 9000000),
(301, 'Hardisk', 'Kecil', 'Sedang', 'Besar', 320, 500, 750),
(302, 'Ram', 'Kecil', 'Sedang', 'Besar', 2, 4, 6),
(303, 'Processor', 'Pelan', 'Sedang', 'Cepat', 1500, 2000, 2500),
(304, 'Layar', 'Kecil', 'Sedang', 'Besar', 11, 14, 17),
(305, 'Berat', 'Ringan', 'Sedang', 'Besar', 1800, 2200, 2600);

-- --------------------------------------------------------

--
-- Table structure for table `fuzzy_berat`
--

CREATE TABLE `fuzzy_berat` (
  `id` int(11) NOT NULL,
  `merek` varchar(20) NOT NULL,
  `Berat` int(11) NOT NULL,
  `ringan` float NOT NULL,
  `sedang` float NOT NULL,
  `besar` float NOT NULL
) ENGINE=InnoDB DEFAULT CHARSET=utf8mb4;

--
-- Dumping data for table `fuzzy_berat`
--

INSERT INTO `fuzzy_berat` (`id`, `merek`, `Berat`, `ringan`, `sedang`, `besar`) VALUES
(1, 'Apple', 1370, 1, 0, 0),
(2, 'Apple', 1340, 1, 0, 0),
(3, 'HP', 1860, 0.15, 0.15, 0),
(4, 'Apple', 1830, 0.07, 0.07, 0),
(5, 'Apple', 1370, 1, 0, 0),
(6, 'Acer', 1000, 1, 0, 0),
(7, 'Apple', 2040, 0.6, 0.6, 0),
(8, 'Apple', 1340, 1, 0, 0),
(9, 'Asus', 1300, 1, 0, 0),
(10, 'Acer', 1600, 1, 0, 0),
(11, 'HP', 1860, 0.15, 0.15, 0),
(12, 'HP', 1860, 0.15, 0.15, 0),
(13, 'Apple', 1830, 0.07, 0.07, 0),
(14, 'Dell', 2200, 0, 1, 0),
(15, 'Apple', 920, 1, 0, 0),
(16, 'Apple', 1370, 1, 0, 0),
(17, 'Dell', 2200, 0, 1, 0),
(18, 'Apple', 1830, 0.07, 0.07, 0),
(19, 'Lenovo', 2200, 0, 1, 0),
(20, 'Dell', 1220, 1, 0, 0),
(21, 'Asus', 980, 1, 0, 0),
(22, 'Lenovo', 2500, 0, 0.25, 0.75),
(23, 'HP', 1860, 0.15, 0.15, 0),
(24, 'Dell', 1620, 1, 0, 0),
(25, 'HP', 1910, 0.27, 0.27, 0),
(26, 'Dell', 2300, 0, 0.75, 0.25),
(27, 'Apple', 1350, 1, 0, 0),
(28, 'Dell', 2200, 0, 1, 0),
(29, 'Dell', 1880, 0.2, 0.2, 0),
(30, 'HP', 2500, 0, 0.25, 0.75),
(31, 'Chuwi', 1890, 0.22, 0.22, 0),
(32, 'Asus', 1650, 1, 0, 0),
(33, 'HP', 2710, 0, 0, 1),
(34, 'Dell', 1200, 1, 0, 0),
(35, 'Apple', 1350, 1, 0, 0),
(36, 'Lenovo', 1440, 1, 0, 0),
(37, 'Acer', 2100, 0.75, 0.75, 0),
(38, 'Dell', 2800, 0, 0, 1),
(39, 'HP', 1860, 0.15, 0.15, 0),
(40, 'HP', 2100, 0.75, 0.75, 0),
(41, 'Asus', 2000, 0.5, 0.5, 0),
(42, 'Dell', 2650, 0, 0, 1),
(43, 'Asus', 2300, 0, 0.75, 0.25),
(44, 'Acer', 2200, 0, 1, 0),
(45, 'Dell', 2770, 0, 0, 1),
(46, 'Apple', 1370, 1, 0, 0),
(47, 'Lenovo', 2200, 0, 1, 0),
(48, 'Asus', 3200, 0, 0, 1),
(49, 'Dell', 2300, 0, 0.75, 0.25),
(50, 'Asus', 2800, 0, 0, 1),
(51, 'Lenovo', 69000, 0, 0, 1),
(52, 'Acer', 2200, 0, 1, 0),
(53, 'HP', 1860, 0.15, 0.15, 0),
(54, 'HP', 1490, 1, 0, 0),
(55, 'Acer', 2400, 0, 0.5, 0.5),
(56, 'Dell', 2130, 0.82, 0.82, 0),
(57, 'HP', 1910, 0.27, 0.27, 0),
(58, 'Asus', 2000, 0.5, 0.5, 0),
(59, 'MSI', 2430, 0, 0.42, 0.57),
(60, 'Asus', 2000, 0.5, 0.5, 0),
(61, 'Dell', 2800, 0, 0, 1),
(62, 'Dell', 1700, 1, 0, 0),
(63, 'Lenovo', 1700, 1, 0, 0),
(64, 'Asus', 1400, 1, 0, 0),
(65, 'HP', 1860, 0.15, 0.15, 0),
(66, 'Asus', 1800, 1, 0, 0),
(67, 'HP', 1860, 0.15, 0.15, 0),
(68, 'HP', 1440, 1, 0, 0),
(69, 'Lenovo', 1900, 0.25, 0.25, 0),
(70, 'Asus', 3000, 0, 0, 1),
(71, 'Dell', 1400, 1, 0, 0),
(72, 'Dell', 2200, 0, 1, 0),
(73, 'MSI', 2700, 0, 0, 1),
(74, 'Acer', 2100, -0.75, 0.75, 0),
(75, 'Asus', 2200, 0, 1, 0),
(76, 'Lenovo', 2200, 0, 1, 0),
(77, 'Dell', 2020, 0.55, 0.55, 0),
(78, 'Acer', 2200, 0, 1, 0),
(79, 'HP', 2500, 0, 0.25, 0.75),
(80, 'Dell', 1880, 0.2, 0.2, 0),
(81, 'Apple', 920, 1, 0, 0),
(82, 'HP', 1630, 1, 0, 0),
(83, 'Lenovo', 2200, 0, 1, 0),
(84, 'Acer', 2100, 0.75, 0.75, 0),
(85, 'Dell', 2650, 0, 0, 1),
(86, 'HP', 1830, 0.07, 0.07, 0),
(87, 'HP', 1960, 0.4, 0.4, 0),
(88, 'Asus', 2200, 0, 1, 0),
(89, 'Dell', 1210, 1, 0, 0),
(90, 'Dell', 2450, 0, 0.37, 0.62),
(91, 'Acer', 2200, 0, 1, 0),
(92, 'HP', 1490, 1, 0, 0),
(93, 'Dell', 2650, 0, 0, 1),
(94, 'Asus', 1250, 1, 0, 0),
(95, 'Acer', 1500, 1, 0, 0),
(96, 'Dell', 2200, 0, 1, 0),
(97, 'Dell', 2200, 0, 1, 0),
(98, 'Asus', 2000, 0.5, 0.5, 0),
(99, 'HP', 2620, 0, 0, 1),
(100, 'HP', 1910, 0.27, 0.27, 0),
(101, 'HP', 2100, 0.75, 0.75, 0),
(102, 'Dell', 2200, 0, 1, 0),
(103, 'HP', 1380, 1, 0, 0),
(104, 'Microsoft', 1252, 1, 0, 0),
(105, 'HP', 1580, 1, 0, 0),
(106, 'Lenovo', 1850, 0.12, 0.12, 0),
(107, 'Asus', 3000, 0, 0, 1),
(108, 'MSI', 2200, 0, 1, 0),
(109, 'Lenovo', 1580, 1, 0, 0),
(110, 'Asus', 1500, 1, 0, 0),
(111, 'Dell', 1230, 1, 0, 0),
(112, 'Lenovo', 1370, 1, 0, 0),
(113, 'HP', 1630, 1, 0, 0),
(114, 'Dell', 1210, 1, 0, 0),
(115, 'HP', 1260, 1, 0, 0),
(116, 'HP', 1630, 1, 0, 0),
(117, 'Dell', 2160, 0.9, 0.9, 0),
(118, 'Asus', 2000, 0.5, 0.5, 0),
(119, 'Asus', 1700, 1, 0, 0),
(120, 'Acer', 2100, 0.75, 0.75, 0),
(121, 'MSI', 1800, 1, 0, 0),
(122, 'Lenovo', 2200, 0, 1, 0),
(123, 'HP', 2500, 0, 0.25, 0.75),
(124, 'Acer', 2100, 0.75, 0.75, 0),
(125, 'HP', 1860, 0.15, 0.15, 0),
(126, 'HP', 1630, 1, 0, 0),
(127, 'Asus', 1650, 1, 0, 0),
(128, 'Dell', 2800, 0, 0, 1),
(129, 'HP', 2500, 0, 0.25, 0.75),
(130, 'Dell', 2360, 0, 0.6, 0.4),
(131, 'Dell', 2200, 0, 1, 0),
(132, 'Acer', 1600, 1, 0, 0),
(133, 'Dell', 2200, 0, 1, 0),
(134, 'HP', 2050, 0.62, 0.62, 0),
(135, 'HP', 1630, 1, 0, 0),
(136, 'Lenovo', 1900, 0.25, 0.25, 0),
(137, 'HP', 3000, 0, 0, 1),
(138, 'Lenovo', 2200, 0, 1, 0),
(139, 'HP', 1320, 1, 0, 0),
(140, 'Acer', 3000, 0, 0, 1),
(141, 'Lenovo', 1750, 1, 0, 0),
(142, 'Lenovo', 2400, 0, 0.5, 0.5),
(143, 'Toshiba', 2100, 0.75, 0.75, 0),
(144, 'HP', 1860, 0.15, 0.15, 0),
(145, 'Asus', 1250, 1, 0, 0),
(146, 'HP', 970, 1, 0, 0),
(147, 'Asus', 2000, 0.5, 0.5, 0),
(148, 'MSI', 2900, 0, 0, 1),
(149, 'Acer', 2100, 0.75, 0.75, 0),
(150, 'Dell', 2560, 0, 0.1, 0.9),
(151, 'Asus', 2000, 0.5, 0.5, 0),
(152, 'Asus', 2200, 0, 1, 0),
(153, 'Asus', 2500, 0, 0.25, 0.75),
(154, 'Asus', 2000, 0.5, 0.5, 0),
(155, 'Asus', 2800, 0, 0, 1),
(156, 'Asus', 2200, 0, 1, 0),
(157, 'Asus', 1090, 1, 0, 0),
(158, 'Asus', 2500, 0, 0.25, 0.75),
(159, 'Asus', 2000, 0.5, 0.5, 0),
(160, 'Asus', 2000, 0.5, 0.5, 0),
(161, 'Asus', 2300, 0, 0.75, 0.25),
(162, 'Asus', 2100, 0.75, 0.75, 0),
(163, 'Asus', 2200, 0, 1, 0),
(164, 'Asus', 2300, 0, 0.75, 0.25),
(165, 'Asus', 2100, 0.75, 0.75, 0),
(166, 'HP', 1080, 1, 0, 0),
(167, 'HP', 2100, 0.75, 0.75, 0),
(168, 'HP', 2000, 0.5, 0.5, 0),
(169, 'HP', 2200, 0, 1, 0),
(170, 'HP', 2100, 0.75, 0.75, 0),
(171, 'HP', 2200, 0, 1, 0),
(172, 'HP', 2500, 0, 0.25, 0.75),
(173, 'HP', 2200, 0, 1, 0),
(174, 'HP', 2100, 0.75, 0.75, 0),
(175, 'HP', 2400, 0, 0.5, 0.5),
(176, 'HP', 2500, 0, 0.25, 0.75),
(177, 'HP', 2000, 0.5, 0.5, 0),
(178, 'HP', 2100, 0.75, 0.75, 0),
(179, 'HP', 2800, 0, 0, 1),
(180, 'Lenovo', 1580, 1, 0, 0),
(181, 'Acer', 1250, 1, 0, 0),
(182, 'Acer', 2000, 0.5, 0.5, 0),
(183, 'Acer', 2100, 0.75, 0.75, 0),
(184, 'Acer', 1880, 0.2, 0.2, 0),
(185, 'Acer', 2500, 0, 0.25, 0.75),
(186, 'Acer', 2000, 0.5, 0.5, 0),
(187, 'Acer', 2100, 0.75, 0.75, 0),
(188, 'Acer', 2200, 0, 1, 0),
(189, 'Acer', 2500, 0, 0.25, 0.75),
(190, 'Acer', 1580, 1, 0, 0),
(191, 'Acer', 2000, 0.5, 0.5, 0),
(192, 'Acer', 2500, 0, 0.25, 0.75),
(193, 'Acer', 2200, 0, 1, 0),
(194, 'Acer', 2100, 0.75, 0.75, 0),
(195, 'Acer', 2800, 0, 0, 1),
(196, 'Acer', 2000, 0.5, 0.5, 0),
(197, 'Acer', 2000, 0.5, 0.5, 0),
(198, 'Acer', 2500, 0, 0.25, 0.75),
(199, 'Acer', 2500, 0, 0.25, 0.75),
(200, 'Acer', 2500, 0, 0.25, 0.75),
(201, 'Lenovo', 1880, 0.2, 0.2, 0),
(202, 'Lenovo', 1580, 1, 0, 0),
(203, 'Lenovo', 2000, 0.5, 0.5, 0),
(204, 'Lenovo', 2000, 0.5, 0.5, 0),
(205, 'Lenovo', 2800, 0, 0, 1),
(206, 'Lenovo', 2800, 0, 0, 1),
(207, 'Lenovo', 2800, 0, 0, 1),
(208, 'Lenovo', 2000, 0.5, 0.5, 0),
(209, 'Lenovo', 2000, 0.5, 0.5, 0),
(210, 'Lenovo', 2200, 0, 1, 0),
(211, 'Lenovo', 2200, 0, 1, 0);

-- --------------------------------------------------------

--
-- Table structure for table `fuzzy_fasilitas`
--

CREATE TABLE `fuzzy_fasilitas` (
  `id` int(10) NOT NULL,
  `obyek_wisata` varchar(30) NOT NULL,
  `fasilitas` int(10) NOT NULL,
  `sedikit` float NOT NULL,
  `cukup` float NOT NULL,
  `banyak` float NOT NULL
) ENGINE=InnoDB DEFAULT CHARSET=utf8mb4;

--
-- Dumping data for table `fuzzy_fasilitas`
--

INSERT INTO `fuzzy_fasilitas` (`id`, `obyek_wisata`, `fasilitas`, `sedikit`, `cukup`, `banyak`) VALUES
(1, 'Desa Wisata Guci', 16, 0, 0.4, 0.6),
(2, 'Pantai Alam Indah', 7, 0.6, 0.4, 0),
(3, 'Pantai Purwahamba Indah', 15, 0, 0.5, 0.5),
(4, 'Waduk Cacaban', 4, 1, 0, 0),
(5, 'Wisata Kesehatan Jamu Kalibaku', 5, 1, 0, 0),
(6, 'Yogya Waterboom', 11, 0, 0.9, 0.1),
(7, 'Konsorsium Rumah Wayang', 4, 1, 0, 0),
(8, 'Gerbang Mas Bahari Waterpark', 5, 1, 0, 0),
(9, 'Rita Park', 24, 0, 0, 1),
(10, 'Hutan Mangrove Tegal', 2, 1, 0, 0),
(11, 'Makam Ki Gede Sebayu', 3, 1, 0, 0),
(12, 'Makam Sunan Amangkurat I', 3, 1, 0, 0),
(13, 'Klenteng Tek Hay Kiong', 4, 1, 0, 0),
(14, 'Situs Purbakala Semedo', 2, 1, 0, 0),
(15, 'Pool Terace Samudra', 7, 0.6, 0.4, 0);

-- --------------------------------------------------------

--
-- Table structure for table `fuzzy_hardisk`
--

CREATE TABLE `fuzzy_hardisk` (
  `id` int(11) NOT NULL,
  `merek` varchar(20) NOT NULL,
  `hardisk` int(11) NOT NULL,
  `kecil` float NOT NULL,
  `sedang` float NOT NULL,
  `besar` float NOT NULL
) ENGINE=InnoDB DEFAULT CHARSET=utf8mb4;

--
-- Dumping data for table `fuzzy_hardisk`
--

INSERT INTO `fuzzy_hardisk` (`id`, `merek`, `hardisk`, `kecil`, `sedang`, `besar`) VALUES
(1, 'Apple', 128, 1, 0, 0),
(2, 'Apple', 128, 1, 0, 0),
(3, 'HP', 256, 1, 0, 0),
(4, 'Apple', 512, 0, 0.95, 0.04),
(5, 'Apple', 256, 1, 0, 0),
(6, 'Acer', 500, 0, 1, 0),
(7, 'Apple', 256, 1, 0, 0),
(8, 'Apple', 256, 1, 0, 0),
(9, 'Asus', 512, 0, 0.95, 0.04),
(10, 'Acer', 256, 1, 0, 0),
(11, 'HP', 500, 0, 1, 0),
(12, 'HP', 500, 0, 1, 0),
(13, 'Apple', 256, 1, 0, 0),
(14, 'Dell', 256, 1, 0, 0),
(15, 'Apple', 256, 1, 0, 0),
(16, 'Apple', 256, 1, 0, 0),
(17, 'Dell', 256, 1, 0, 0),
(18, 'Apple', 512, 0, 0.95, 0.04),
(19, 'Lenovo', 1000, 0, 0, 1),
(20, 'Dell', 128, 1, 0, 0),
(21, 'Asus', 32, 1, 0, 0),
(22, 'Lenovo', 1128, 0, 0, 1),
(23, 'HP', 500, 0, 1, 0),
(24, 'Dell', 256, 1, 0, 0),
(25, 'HP', 256, 1, 0, 0),
(26, 'Dell', 1000, 0, 0, 1),
(27, 'Apple', 128, 1, 0, 0),
(28, 'Dell', 256, 1, 0, 0),
(29, 'Dell', 512, 0, 0.95, 0.04),
(30, 'HP', 1000, 0, 0, 1),
(31, 'Chuwi', 64, 1, 0, 0),
(32, 'Asus', 32, 1, 0, 0),
(33, 'HP', 500, 0, 1, 0),
(34, 'Dell', 512, 0, 0.95, 0.04),
(35, 'Apple', 256, 1, 0, 0),
(36, 'Lenovo', 64, 1, 0, 0),
(37, 'Acer', 1000, 0, 0, 1),
(38, 'Dell', 1128, 0, 0, 1),
(39, 'HP', 1000, 0, 0, 1),
(40, 'HP', 256, 1, 0, 0),
(41, 'Asus', 1000, 0, 0, 1),
(42, 'Dell', 1256, 0, 0, 1),
(43, 'Asus', 1000, 0, 0, 1),
(44, 'Acer', 256, 1, 0, 0),
(45, 'Dell', 1000, 0, 0, 1),
(46, 'Apple', 256, 1, 0, 0),
(47, 'Lenovo', 128, 1, 0, 0),
(48, 'Asus', 1256, 0, 0, 1),
(49, 'Dell', 256, 1, 0, 0),
(50, 'Asus', 1000, 0, 0, 1),
(51, 'Lenovo', 64, 1, 0, 0),
(52, 'Acer', 256, 1, 0, 0),
(53, 'HP', 256, 1, 0, 0),
(54, 'HP', 512, 0, 0.95, 0.04),
(55, 'Acer', 1000, 0, 0, 1),
(56, 'Dell', 256, 1, 0, 0),
(57, 'HP', 128, 1, 0, 0),
(58, 'Asus', 256, 1, 0, 0),
(59, 'MSI', 2256, 0, 0, 1),
(60, 'Asus', 256, 1, 0, 0),
(61, 'Dell', 2256, 0, 0, 1),
(62, 'Dell', 256, 1, 0, 0),
(63, 'Lenovo', 256, 1, 0, 0),
(64, 'Asus', 256, 1, 0, 0),
(65, 'HP', 256, 1, 0, 0),
(66, 'Asus', 512, 0, 0.95, 0.04),
(67, 'HP', 500, 0, 1, 0),
(68, 'HP', 32, 1, 0, 0),
(69, 'Lenovo', 1000, 0, 0, 1),
(70, 'Asus', 1000, 0, 0, 1),
(71, 'Dell', 256, 1, 0, 0),
(72, 'Dell', 256, 1, 0, 0),
(73, 'MSI', 1128, 0, 0, 1),
(74, 'Acer', 1000, 0, 0, 1),
(75, 'Asus', 1000, 0, 0, 1),
(76, 'Lenovo', 2000, 0, 0, 1),
(77, 'Dell', 1128, 0, 0, 1),
(78, 'Acer', 1000, 0, 0, 1),
(79, 'HP', 1128, 0, 0, 1),
(80, 'Dell', 256, 1, 0, 0),
(81, 'Apple', 512, 0, 0.95, 0.04),
(82, 'HP', 256, 1, 0, 0),
(83, 'Lenovo', 128, 1, 0, 0),
(84, 'Acer', 1000, 0, 0, 1),
(85, 'Dell', 1128, 0, 0, 1),
(86, 'HP', 256, 1, 0, 0),
(87, 'HP', 256, 1, 0, 0),
(88, 'Asus', 1128, 0, 0, 1),
(89, 'Dell', 256, 1, 0, 0),
(90, 'Dell', 256, 1, 0, 0),
(91, 'Acer', 1000, 0, 0, 1),
(92, 'HP', 512, 0, 0.95, 0.04),
(93, 'Dell', 256, 1, 0, 0),
(94, 'Asus', 256, 1, 0, 0),
(95, 'Acer', 256, 1, 0, 0),
(96, 'Dell', 1000, 0, 0, 1),
(97, 'Dell', 256, 1, 0, 0),
(98, 'Asus', 256, 1, 0, 0),
(99, 'HP', 1128, 0, 0, 1),
(100, 'HP', 256, 1, 0, 0),
(101, 'HP', 500, 0, 1, 0),
(102, 'Dell', 1000, 0, 0, 1),
(103, 'HP', 256, 1, 0, 0),
(104, 'Microsoft', 256, 1, 0, 0),
(105, 'HP', 256, 1, 0, 0),
(106, 'Lenovo', 1000, 0, 0, 1),
(107, 'Asus', 256, 1, 0, 0),
(108, 'MSI', 1256, 0, 0, 1),
(109, 'Lenovo', 256, 1, 0, 0),
(110, 'Asus', 1256, 0, 0, 1),
(111, 'Dell', 256, 1, 0, 0),
(112, 'Lenovo', 256, 1, 0, 0),
(113, 'HP', 500, 0, 1, 0),
(114, 'Dell', 256, 1, 0, 0),
(115, 'HP', 256, 1, 0, 0),
(116, 'HP', 512, 0, 0.95, 0.04),
(117, 'Dell', 1256, 0, 0, 1),
(118, 'Asus', 1000, 0, 0, 1),
(119, 'Asus', 256, 1, 0, 0),
(120, 'Acer', 1000, 0, 0, 1),
(121, 'MSI', 2256, 0, 0, 1),
(122, 'Lenovo', 256, 1, 0, 0),
(123, 'HP', 512, 0, 0.95, 0.04),
(124, 'Acer', 256, 1, 0, 0),
(125, 'HP', 500, 0, 1, 0),
(126, 'HP', 1000, 0, 0, 1),
(127, 'Asus', 64, 1, 0, 0),
(128, 'Dell', 2256, 0, 0, 1),
(129, 'HP', 256, 1, 0, 0),
(130, 'Dell', 1000, 0, 0, 1),
(131, 'Dell', 1000, 0, 0, 1),
(132, 'Acer', 256, 1, 0, 0),
(133, 'Dell', 256, 1, 0, 0),
(134, 'HP', 1000, 0, 0, 1),
(135, 'HP', 256, 1, 0, 0),
(136, 'Lenovo', 1000, 0, 0, 1),
(137, 'HP', 1128, 0, 0, 1),
(138, 'Lenovo', 1000, 0, 0, 1),
(139, 'HP', 256, 1, 0, 0),
(140, 'Acer', 1000, 0, 0, 1),
(141, 'Lenovo', 256, 1, 0, 0),
(142, 'Lenovo', 256, 1, 0, 0),
(143, 'Toshiba', 500, 0, 1, 0),
(144, 'HP', 256, 1, 0, 0),
(145, 'Asus', 256, 1, 0, 0),
(146, 'HP', 512, 0, 0.95, 0.04),
(147, 'Asus', 1000, 0, 0, 1),
(148, 'MSI', 1256, 0, 0, 1),
(149, 'Acer', 1000, 0, 0, 1),
(150, 'Dell', 512, 0, 0.95, 0.04),
(151, 'Asus', 256, 1, 0, 0),
(152, 'Asus', 256, 1, 0, 0),
(153, 'Asus', 256, 1, 0, 0),
(154, 'Asus', 512, 0, 0.95, 0.04),
(155, 'Asus', 512, 0, 0.95, 0.04),
(156, 'Asus', 512, 0, 0.95, 0.04),
(157, 'Asus', 512, 0, 0.95, 0.04),
(158, 'Asus', 512, 0, 0.95, 0.04),
(159, 'Asus', 512, 0, 0.95, 0.04),
(160, 'Asus', 512, 0, 0.95, 0.04),
(161, 'Asus', 512, 0, 0.95, 0.04),
(162, 'Asus', 512, 0, 0.95, 0.04),
(163, 'Asus', 512, 0, 0.95, 0.04),
(164, 'Asus', 512, 0, 0.95, 0.04),
(165, 'Asus', 512, 0, 0.95, 0.04),
(166, 'HP', 256, 1, 0, 0),
(167, 'HP', 512, 0, 0.95, 0.04),
(168, 'HP', 512, 0, 0.95, 0.04),
(169, 'HP', 512, 0, 0.95, 0.04),
(170, 'HP', 512, 0, 0.95, 0.04),
(171, 'HP', 512, 0, 0.95, 0.04),
(172, 'HP', 512, 0, 0.95, 0.04),
(173, 'HP', 512, 0, 0.95, 0.04),
(174, 'HP', 512, 0, 0.95, 0.04),
(175, 'HP', 512, 0, 0.95, 0.04),
(176, 'HP', 512, 0, 0.95, 0.04),
(177, 'HP', 512, 0, 0.95, 0.04),
(178, 'HP', 512, 0, 0.95, 0.04),
(179, 'HP', 512, 0, 0.95, 0.04),
(180, 'Lenovo', 256, 1, 0, 0),
(181, 'Acer', 256, 1, 0, 0),
(182, 'Acer', 512, 0, 0.95, 0.04),
(183, 'Acer', 256, 1, 0, 0),
(184, 'Acer', 512, 0, 0.95, 0.04),
(185, 'Acer', 512, 0, 0.95, 0.04),
(186, 'Acer', 512, 0, 0.95, 0.04),
(187, 'Acer', 512, 0, 0.95, 0.04),
(188, 'Acer', 512, 0, 0.95, 0.04),
(189, 'Acer', 512, 0, 0.95, 0.04),
(190, 'Acer', 512, 0, 0.95, 0.04),
(191, 'Acer', 512, 0, 0.95, 0.04),
(192, 'Acer', 512, 0, 0.95, 0.04),
(193, 'Acer', 512, 0, 0.95, 0.04),
(194, 'Acer', 512, 0, 0.95, 0.04),
(195, 'Acer', 1000, 0, 0, 1),
(196, 'Acer', 512, 0, 0.95, 0.04),
(197, 'Acer', 512, 0, 0.95, 0.04),
(198, 'Acer', 512, 0, 0.95, 0.04),
(199, 'Acer', 512, 0, 0.95, 0.04),
(200, 'Acer', 512, 0, 0.95, 0.04),
(201, 'Lenovo', 256, 1, 0, 0),
(202, 'Lenovo', 512, 0, 0.95, 0.04),
(203, 'Lenovo', 512, 0, 0.95, 0.04),
(204, 'Lenovo', 512, 0, 0.95, 0.04),
(205, 'Lenovo', 512, 0, 0.95, 0.04),
(206, 'Lenovo', 512, 0, 0.95, 0.04),
(207, 'Lenovo', 512, 0, 0.95, 0.04),
(208, 'Lenovo', 512, 0, 0.95, 0.04),
(209, 'Lenovo', 512, 0, 0.95, 0.04),
(210, 'Lenovo', 512, 0, 0.95, 0.04),
(211, 'Lenovo', 512, 0, 0.95, 0.04);

-- --------------------------------------------------------

--
-- Table structure for table `fuzzy_harga`
--

CREATE TABLE `fuzzy_harga` (
  `id` int(11) NOT NULL,
  `merek` varchar(20) NOT NULL,
  `harga` int(11) NOT NULL,
  `murah` float NOT NULL,
  `sedang` float NOT NULL,
  `mahal` float NOT NULL
) ENGINE=InnoDB DEFAULT CHARSET=utf8mb4;

--
-- Dumping data for table `fuzzy_harga`
--

INSERT INTO `fuzzy_harga` (`id`, `merek`, `harga`, `murah`, `sedang`, `mahal`) VALUES
(1, 'Apple', 21895893, 0, 0, 1),
(2, 'Apple', 14692275, 0, 0, 1),
(3, 'HP', 9397800, 0, 0, 1),
(4, 'Apple', 41472083, 0, 0, 1),
(5, 'Apple', 29478038, 0, 0, 1),
(6, 'Acer', 6537600, 0, 0.82, 0.17),
(7, 'Apple', 34975670, 0, 0, 1),
(8, 'Apple', 18937793, 0, 0, 1),
(9, 'Asus', 24434280, 0, 0, 1),
(10, 'Acer', 12584880, 0, 0, 1),
(11, 'HP', 6437902, 0, 0.85, 0.14),
(12, 'HP', 5638517, 0.12, 0.87, 0),
(13, 'Apple', 39878870, 0, 0, 1),
(14, 'Dell', 8154022, 0, 0.28, 0.71),
(15, 'Apple', 20632666, 0, 0, 1),
(16, 'Apple', 24819181, 0, 0, 1),
(17, 'Dell', 12176280, 0, 0, 1),
(18, 'Apple', 46711152, 0, 0, 1),
(19, 'Lenovo', 8155656, 0, 0.28, 0.71),
(20, 'Dell', 16000776, 0, 0, 1),
(21, 'Asus', 3136414, 0.95, 0.04, 0),
(22, 'Lenovo', 16327656, 0, 0, 1),
(23, 'HP', 4658040, 0.44, 0.55, 0),
(24, 'Dell', 13385736, 0, 0, 1),
(25, 'HP', 10770696, 0, 0, 1),
(26, 'Dell', 6842252, 0, 0.71, 0.28),
(27, 'Apple', 17962056, 0, 0, 1),
(28, 'Dell', 13075200, 0, 0, 1),
(29, 'Dell', 21214512, 0, 0, 1),
(30, 'HP', 14644224, 0, 0, 1),
(31, 'Chuwi', 4004117, 0.66, 0.33, 0),
(32, 'Asus', 3252456, 0.91, 0.08, 0),
(33, 'HP', 7175016, 0, 0.6, 0.39),
(34, 'Dell', 30546936, 0, 0, 1),
(35, 'Apple', 16311312, 0, 0, 1),
(36, 'Lenovo', 4069656, 0.64, 0.35, 0),
(37, 'Acer', 5998248, 0, 0.99, 0),
(38, 'Dell', 16000776, 0, 0, 1),
(39, 'HP', 7987149, 0, 0.33, 0.66),
(40, 'HP', 14366376, 0, 0, 1),
(41, 'Asus', 6357816, 0, 0.88, 0.11),
(42, 'Dell', 24499656, 0, 0, 1),
(43, 'Asus', 8547749, 0, 0.15, 0.84),
(44, 'Acer', 11146608, 0, 0, 1),
(45, 'Dell', 16327656, 0, 0, 1),
(46, 'Apple', 23192136, 0, 0, 1),
(47, 'Lenovo', 6030936, 0, 0.98, 0.01),
(48, 'Asus', 21230856, 0, 0, 1),
(49, 'Dell', 10443816, 0, 0, 1),
(50, 'Asus', 7616304, 0, 0.46, 0.53),
(51, 'Lenovo', 5213736, 0.26, 0.73, 0),
(52, 'Acer', 13745304, 0, 0, 1),
(53, 'HP', 6512921, 0, 0.82, 0.17),
(54, 'HP', 18027432, 0, 0, 1),
(55, 'Acer', 6276096, 0, 0.9, 0.09),
(56, 'Dell', 12548923, 0, 0, 1),
(57, 'HP', 7175016, 0, 0.6, 0.39),
(58, 'Asus', 9580689, 0, 0, 1),
(59, 'MSI', 40026456, 0, 0, 1),
(60, 'Asus', 6782760, 0, 0.73, 0.26),
(61, 'Dell', 21230856, 0, 0, 1),
(62, 'Dell', 14366376, 0, 0, 1),
(63, 'Lenovo', 9790056, 0, 0, 1),
(64, 'Asus', 15379704, 0, 0, 1),
(65, 'HP', 11277360, 0, 0, 1),
(66, 'Asus', 32410152, 0, 0, 1),
(67, 'HP', 7169949, 0, 0.61, 0.39),
(68, 'HP', 3742776, 0.75, 0.24, 0),
(69, 'Lenovo', 8972856, 0, 0, 0.99),
(70, 'Asus', 15510456, 0, 0, 1),
(71, 'Dell', 15608520, 0, 0, 1),
(72, 'Dell', 14219280, 0, 0, 1),
(73, 'MSI', 17896680, 0, 0, 1),
(74, 'Acer', 6357816, 0, 0.88, 0.11),
(75, 'Asus', 15510456, 0, 0, 1),
(76, 'Lenovo', 8482536, 0, 0.17, 0.82),
(77, 'Dell', 13974120, 0, 0, 1),
(78, 'Acer', 8662320, 0, 0.11, 0.88),
(79, 'HP', 15968088, 0, 0, 1),
(80, 'Dell', 17915639, 0, 0, 1),
(81, 'Apple', 24679440, 0, 0, 1),
(82, 'HP', 14055840, 0, 0, 1),
(83, 'Lenovo', 6521256, 0, 0.82, 0.17),
(84, 'Acer', 6455880, 0, 0.84, 0.15),
(85, 'Dell', 22048056, 0, 0, 1),
(86, 'HP', 11424456, 0, 0, 1),
(87, 'HP', 9789893, 0, 0, 1),
(88, 'Asus', 23682456, 0, 0, 1),
(89, 'Dell', 26951256, 0, 0, 1),
(90, 'Dell', 11424456, 0, 0, 1),
(91, 'Acer', 11261016, 0, 0, 1),
(92, 'HP', 19563768, 0, 0, 1),
(93, 'Dell', 19531080, 0, 0, 1),
(94, 'Asus', 17144856, 0, 0, 1),
(95, 'Acer', 13843368, 0, 0, 1),
(96, 'Dell', 9804766, 0, 0, 1),
(97, 'Dell', 7926840, 0, 0.35, 0.64),
(98, 'Asus', 9430488, 0, 0, 1),
(99, 'HP', 20413656, 0, 0, 1),
(100, 'HP', 11751336, 0, 0, 1),
(101, 'HP', 5704056, 0.09, 0.9, 0),
(102, 'Dell', 10574568, 0, 0, 1),
(103, 'HP', 18288936, 0, 0, 1),
(104, 'Microsoft', 21900960, 0, 0, 1),
(105, 'HP', 10770696, 0, 0, 1),
(106, 'Lenovo', 6766416, 0, 0.74, 0.25),
(107, 'Asus', 19498392, 0, 0, 1),
(108, 'MSI', 21230856, 0, 0, 1),
(109, 'Lenovo', 24189120, 0, 0, 1),
(110, 'Asus', 20626128, 0, 0, 1),
(111, 'Dell', 22538376, 0, 0, 1),
(112, 'Lenovo', 22865256, 0, 0, 1),
(113, 'HP', 11800368, 0, 0, 1),
(114, 'Dell', 26624376, 0, 0, 1),
(115, 'HP', 22865093, 0, 0, 1),
(116, 'HP', 17716896, 0, 0, 1),
(117, 'Dell', 18474114, 0, 0, 1),
(118, 'Asus', 9218016, 0, 0, 1),
(119, 'Asus', 18272592, 0, 0, 1),
(120, 'Acer', 7828776, 0, 0.39, 0.6),
(121, 'MSI', 36635076, 0, 0, 1),
(122, 'Lenovo', 10280376, 0, 0, 1),
(123, 'HP', 20773224, 0, 0, 1),
(124, 'Acer', 7371144, 0, 0.54, 0.45),
(125, 'HP', 4233096, 0.58, 0.41, 0),
(126, 'HP', 13271328, 0, 0, 1),
(127, 'Asus', 4543469, 0.48, 0.51, 0),
(128, 'Dell', 22816224, 0, 0, 1),
(129, 'HP', 15167232, 0, 0, 1),
(130, 'Dell', 10443653, 0, 0, 1),
(131, 'Dell', 7338456, 0, 0.55, 0.44),
(132, 'Acer', 14448096, 0, 0, 1),
(133, 'Dell', 9348768, 0, 0, 1),
(134, 'HP', 9773712, 0, 0, 1),
(135, 'HP', 16147872, 0, 0, 1),
(136, 'Lenovo', 4124572, 0.62, 0.37, 0),
(137, 'HP', 15330672, 0, 0, 1),
(138, 'Lenovo', 8155656, 0, 0.28, 0.71),
(139, 'HP', 11424456, 0, 0, 1),
(140, 'Acer', 10705320, 0, 0, 1),
(141, 'Lenovo', 18240231, 0, 0, 1),
(142, 'Lenovo', 14202936, 0, 0, 1),
(143, 'Toshiba', 9839088, 0, 0, 1),
(144, 'HP', 6030936, 0, 0.98, 0.01),
(145, 'Asus', 17962056, 0, 0, 1),
(146, 'HP', 32916816, 0, 0, 1),
(147, 'Asus', 5622336, 0.12, 0.87, 0),
(148, 'MSI', 33161976, 0, 0, 1),
(149, 'Acer', 7305768, 0, 0.56, 0.43),
(150, 'Dell', 20413656, 0, 0, 1),
(151, 'Asus', 4800000, 0.4, 0.6, 0),
(152, 'Asus', 9050000, 0, 0, 1),
(153, 'Asus', 5450000, 0.18, 0.81, 0),
(154, 'Asus', 7100000, 0, 0.63, 0.36),
(155, 'Asus', 6650000, 0, 0.78, 0.21),
(156, 'Asus', 7350000, 0, 0.55, 0.45),
(157, 'Asus', 7150000, 0, 0.61, 0.38),
(158, 'Asus', 14000000, 0, 0, 1),
(159, 'Asus', 12150000, 0, 0, 1),
(160, 'Asus', 12900000, 0, 0, 1),
(161, 'Asus', 13500000, 0, 0, 1),
(162, 'Asus', 13600000, 0, 0, 1),
(163, 'Asus', 11450000, 0, 0, 1),
(164, 'Asus', 13150000, 0, 0, 1),
(165, 'Asus', 14250000, 0, 0, 1),
(166, 'HP', 4700000, 0.43, 0.56, 0),
(167, 'HP', 11450000, 0, 0, 1),
(168, 'HP', 6800000, 0, 0.73, 0.26),
(169, 'HP', 10900000, 0, 0, 1),
(170, 'HP', 13600000, 0, 0, 1),
(171, 'HP', 13950000, 0, 0, 1),
(172, 'HP', 13150000, 0, 0, 1),
(173, 'HP', 12000000, 0, 0, 1),
(174, 'HP', 11950000, 0, 0, 1),
(175, 'HP', 14300000, 0, 0, 1),
(176, 'HP', 15800000, 0, 0, 1),
(177, 'HP', 16400000, 0, 0, 1),
(178, 'HP', 17650000, 0, 0, 1),
(179, 'HP', 21850000, 0, 0, 1),
(180, 'Lenovo', 5450000, 0.18, 0.81, 0),
(181, 'Acer', 4850000, 0.38, 0.61, 0),
(182, 'Acer', 6000000, 0, 1, 0),
(183, 'Acer', 6300000, 0, 0.9, 0.1),
(184, 'Acer', 6600000, 0, 0.8, 0.2),
(185, 'Acer', 7200000, 0, 0.6, 0.4),
(186, 'Acer', 7350000, 0, 0.55, 0.45),
(187, 'Acer', 7850000, 0, 0.38, 0.61),
(188, 'Acer', 9400000, 0, 0, 1),
(189, 'Acer', 10500000, 0, 0, 1),
(190, 'Acer', 12000000, 0, 0, 1),
(191, 'Acer', 11900000, 0, 0, 1),
(192, 'Acer', 12750000, 0, 0, 1),
(193, 'Acer', 12200000, 0, 0, 1),
(194, 'Acer', 14300000, 0, 0, 1),
(195, 'Acer', 20900000, 0, 0, 1),
(196, 'Acer', 11950000, 0, 0, 1),
(197, 'Acer', 11950000, 0, 0, 1),
(198, 'Acer', 12300000, 0, 0, 1),
(199, 'Acer', 14950000, 0, 0, 1),
(200, 'Acer', 13000000, 0, 0, 1),
(201, 'Lenovo', 4600000, 0.46, 0.53, 0),
(202, 'Lenovo', 5100000, 0.3, 0.7, 0),
(203, 'Lenovo', 7700000, 0, 0.43, 0.56),
(204, 'Lenovo', 7750000, 0, 0.41, 0.58),
(205, 'Lenovo', 10900000, 0, 0, 1),
(206, 'Lenovo', 12650000, 0, 0, 1),
(207, 'Lenovo', 14800000, 0, 0, 1),
(208, 'Lenovo', 15700000, 0, 0, 1),
(209, 'Lenovo', 10500000, 0, 0, 1),
(210, 'Lenovo', 13950000, 0, 0, 1),
(211, 'Lenovo', 12250000, 0, 0, 1);

-- --------------------------------------------------------

--
-- Table structure for table `fuzzy_layar`
--

CREATE TABLE `fuzzy_layar` (
  `id` int(11) NOT NULL,
  `merek` varchar(20) NOT NULL,
  `layar` int(11) NOT NULL,
  `kecil` float NOT NULL,
  `sedang` float NOT NULL,
  `besar` float NOT NULL
) ENGINE=InnoDB DEFAULT CHARSET=utf8mb4;

--
-- Dumping data for table `fuzzy_layar`
--

INSERT INTO `fuzzy_layar` (`id`, `merek`, `layar`, `kecil`, `sedang`, `besar`) VALUES
(1, 'Apple', 13, 0.23, 0.76, 0),
(2, 'Apple', 13, 0.23, 0.76, 0),
(3, 'HP', 16, 0, 0.46, 0.53),
(4, 'Apple', 15, 0, 0.53, 0.46),
(5, 'Apple', 13, 0.23, 0.76, 0),
(6, 'Acer', 16, 0, 0.46, 0.53),
(7, 'Apple', 15, 0, 0.53, 0.46),
(8, 'Apple', 13, 0.23, 0.76, 0),
(9, 'Asus', 14, 0, 1, 0),
(10, 'Acer', 14, 0, 1, 0),
(11, 'HP', 16, 0, 0.46, 0.53),
(12, 'HP', 16, 0, 0.46, 0.53),
(13, 'Apple', 15, 0, 0.53, 0.46),
(14, 'Dell', 16, 0, 0.46, 0.53),
(15, 'Apple', 12, 0.66, 0.33, 0),
(16, 'Apple', 13, 0.23, 0.76, 0),
(17, 'Dell', 16, 0, 0.46, 0.53),
(18, 'Apple', 15, 0, 0.53, 0.46),
(19, 'Lenovo', 16, 0, 0.46, 0.53),
(20, 'Dell', 13, 0.23, 0.76, 0),
(21, 'Asus', 12, 0.8, 0.2, 0),
(22, 'Lenovo', 16, 0, 0.46, 0.53),
(23, 'HP', 16, 0, 0.46, 0.53),
(24, 'Dell', 13, 0.23, 0.76, 0),
(25, 'HP', 16, 0, 0.46, 0.53),
(26, 'Dell', 16, 0, 0.46, 0.53),
(27, 'Apple', 13, 0.23, 0.76, 0),
(28, 'Dell', 16, 0, 0.46, 0.53),
(29, 'Dell', 16, 0, 0.46, 0.53),
(30, 'HP', 17, 0, 0, 1),
(31, 'Chuwi', 16, 0, 0.46, 0.53),
(32, 'Asus', 14, 0, 1, 0),
(33, 'HP', 17, 0, 0, 1),
(34, 'Dell', 13, 0.23, 0.76, 0),
(35, 'Apple', 13, 0.23, 0.76, 0),
(36, 'Lenovo', 14, 0, 1, 0),
(37, 'Acer', 16, 0, 0.46, 0.53),
(38, 'Dell', 17, 0, 0, 1),
(39, 'HP', 16, 0, 0.46, 0.53),
(40, 'HP', 16, 0, 0.46, 0.53),
(41, 'Asus', 16, 0, 0.46, 0.53),
(42, 'Dell', 16, 0, 0.46, 0.53),
(43, 'Asus', 16, 0, 0.46, 0.53),
(44, 'Acer', 16, 0, 0.46, 0.53),
(45, 'Dell', 17, 0, 0, 1),
(46, 'Apple', 13, 0.23, 0.76, 0),
(47, 'Lenovo', 16, 0, 0.46, 0.53),
(48, 'Asus', 17, 0, 0, 1),
(49, 'Dell', 16, 0, 0.46, 0.53),
(50, 'Asus', 17, 0, 0, 1),
(51, 'Lenovo', 10, 1, 0, 0),
(52, 'Acer', 16, 0, 0.46, 0.53),
(53, 'HP', 16, 0, 0.46, 0.53),
(54, 'HP', 13, 0.23, 0.76, 0),
(55, 'Acer', 16, 0, 0.46, 0.53),
(56, 'Dell', 16, 0, 0.46, 0.53),
(57, 'HP', 16, 0, 0.46, 0.53),
(58, 'Asus', 16, 0, 0.46, 0.53),
(59, 'MSI', 17, 0, 0, 1),
(60, 'Asus', 16, 0, 0.46, 0.53),
(61, 'Dell', 17, 0, 0, 1),
(62, 'Dell', 14, 0, 1, 0),
(63, 'Lenovo', 14, 0, 1, 0),
(64, 'Asus', 14, 0, 1, 0),
(65, 'HP', 16, 0, 0.46, 0.53),
(66, 'Asus', 16, 0, 0.46, 0.53),
(67, 'HP', 16, 0, 0.46, 0.53),
(68, 'HP', 14, 0, 1, 0),
(69, 'Lenovo', 16, 0, 0.46, 0.53),
(70, 'Asus', 17, 0, 0, 1),
(71, 'Dell', 13, 0.23, 0.76, 0),
(72, 'Dell', 16, 0, 0.46, 0.53),
(73, 'MSI', 17, 0, 0, 1),
(74, 'Acer', 14, 0, 1, 0),
(75, 'Asus', 16, 0, 0.46, 0.53),
(76, 'Lenovo', 16, 0, 0.46, 0.53),
(77, 'Dell', 16, 0, 0.46, 0.53),
(78, 'Acer', 16, 0, 0.46, 0.53),
(79, 'HP', 17, 0, 0, 1),
(80, 'Dell', 16, 0, 0.46, 0.53),
(81, 'Apple', 12, 0.66, 0.33, 0),
(82, 'HP', 14, 0, 1, 0),
(83, 'Lenovo', 16, 0, 0.46, 0.53),
(84, 'Acer', 16, 0, 0.46, 0.53),
(85, 'Dell', 16, 0, 0.46, 0.53),
(86, 'HP', 16, 0, 0.46, 0.53),
(87, 'HP', 16, 0, 0.46, 0.53),
(88, 'Asus', 16, 0, 0.46, 0.53),
(89, 'Dell', 13, 0.23, 0.76, 0),
(90, 'Dell', 16, 0, 0.46, 0.53),
(91, 'Acer', 16, 0, 0.46, 0.53),
(92, 'HP', 13, 0.23, 0.76, 0),
(93, 'Dell', 16, 0, 0.46, 0.53),
(94, 'Asus', 14, 0, 1, 0),
(95, 'Acer', 13, 0.23, 0.76, 0),
(96, 'Dell', 16, 0, 0.46, 0.53),
(97, 'Dell', 16, 0, 0.46, 0.53),
(98, 'Asus', 16, 0, 0.46, 0.53),
(99, 'HP', 16, 0, 0.46, 0.53),
(100, 'HP', 16, 0, 0.46, 0.53),
(101, 'HP', 16, 0, 0.46, 0.53),
(102, 'Dell', 16, 0, 0.46, 0.53),
(103, 'HP', 13, 0.23, 0.76, 0),
(104, 'Microsoft', 14, 0.16, 0.83, 0),
(105, 'HP', 14, 0, 1, 0),
(106, 'Lenovo', 16, 0, 0.46, 0.53),
(107, 'Asus', 14, 0, 1, 0),
(108, 'MSI', 16, 0, 0.46, 0.53),
(109, 'Lenovo', 14, 0, 1, 0),
(110, 'Asus', 16, 0, 0.46, 0.53),
(111, 'Dell', 13, 0.23, 0.76, 0),
(112, 'Lenovo', 13, 0.23, 0.76, 0),
(113, 'HP', 14, 0, 1, 0),
(114, 'Dell', 13, 0.23, 0.76, 0),
(115, 'HP', 13, 0.23, 0.76, 0),
(116, 'HP', 14, 0, 1, 0),
(117, 'Dell', 16, 0, 0.46, 0.53),
(118, 'Asus', 17, 0, 0, 1),
(119, 'Asus', 16, 0, 0.46, 0.53),
(120, 'Acer', 16, 0, 0.46, 0.53),
(121, 'MSI', 16, 0, 0.46, 0.53),
(122, 'Lenovo', 16, 0, 0.46, 0.53),
(123, 'HP', 17, 0, 0, 1),
(124, 'Acer', 16, 0, 0.46, 0.53),
(125, 'HP', 16, 0, 0.46, 0.53),
(126, 'HP', 14, 0, 1, 0),
(127, 'Asus', 14, 0, 1, 0),
(128, 'Dell', 17, 0, 0, 1),
(129, 'HP', 17, 0, 0, 1),
(130, 'Dell', 16, 0, 0.46, 0.53),
(131, 'Dell', 16, 0, 0.46, 0.53),
(132, 'Acer', 14, 0, 1, 0),
(133, 'Dell', 16, 0, 0.46, 0.53),
(134, 'HP', 16, 0, 0.46, 0.53),
(135, 'HP', 14, 0, 1, 0),
(136, 'Lenovo', 16, 0, 0.46, 0.53),
(137, 'HP', 17, 0, 0, 1),
(138, 'Lenovo', 16, 0, 0.46, 0.53),
(139, 'HP', 13, 0.23, 0.76, 0),
(140, 'Acer', 17, 0, 0, 1),
(141, 'Lenovo', 14, 0, 1, 0),
(142, 'Lenovo', 16, 0, 0.46, 0.53),
(143, 'Toshiba', 16, 0, 0.46, 0.53),
(144, 'HP', 16, 0, 0.46, 0.53),
(145, 'Asus', 14, 0, 1, 0),
(146, 'HP', 13, 0.5, 0.5, 0),
(147, 'Asus', 16, 0, 0.46, 0.53),
(148, 'MSI', 17, 0, 0, 1),
(149, 'Acer', 16, 0, 0.46, 0.53),
(150, 'Dell', 16, 0, 0.46, 0.53),
(151, 'Asus', 12, 0.8, 0.2, 0),
(152, 'Asus', 14, 0, 1, 0),
(153, 'Asus', 16, 0, 0.46, 0.53),
(154, 'Asus', 14, 0, 1, 0),
(155, 'Asus', 14, 0, 1, 0),
(156, 'Asus', 16, 0, 0.46, 0.53),
(157, 'Asus', 16, 0, 0.46, 0.53),
(158, 'Asus', 14, 0, 0.93, 0.06),
(159, 'Asus', 14, 0, 1, 0),
(160, 'Asus', 16, 0, 0.46, 0.53),
(161, 'Asus', 14, 0, 1, 0),
(162, 'Asus', 14, 0, 1, 0),
(163, 'Asus', 14, 0, 1, 0),
(164, 'Asus', 14, 0, 1, 0),
(165, 'Asus', 16, 0, 0.46, 0.53),
(166, 'HP', 14, 0, 1, 0),
(167, 'HP', 14, 0, 1, 0),
(168, 'HP', 14, 0, 1, 0),
(169, 'HP', 14, 0, 1, 0),
(170, 'HP', 14, 0, 1, 0),
(171, 'HP', 13, 0.23, 0.76, 0),
(172, 'HP', 14, 0, 1, 0),
(173, 'HP', 16, 0, 0.46, 0.53),
(174, 'HP', 16, 0, 0.46, 0.53),
(175, 'HP', 16, 0, 0.46, 0.53),
(176, 'HP', 17, 0, 0.13, 0.86),
(177, 'HP', 16, 0, 0.46, 0.53),
(178, 'HP', 16, 0, 0.46, 0.53),
(179, 'HP', 16, 0, 0.46, 0.53),
(180, 'Lenovo', 14, 0, 1, 0),
(181, 'Acer', 14, 0, 1, 0),
(182, 'Acer', 14, 0, 1, 0),
(183, 'Acer', 14, 0, 1, 0),
(184, 'Acer', 14, 0, 1, 0),
(185, 'Acer', 14, 0, 1, 0),
(186, 'Acer', 14, 0, 1, 0),
(187, 'Acer', 14, 0, 1, 0),
(188, 'Acer', 16, 0, 0.46, 0.53),
(189, 'Acer', 14, 0, 1, 0),
(190, 'Acer', 14, 0, 1, 0),
(191, 'Acer', 14, 0, 1, 0),
(192, 'Acer', 14, 0, 1, 0),
(193, 'Acer', 14, 0, 1, 0),
(194, 'Acer', 16, 0, 0.46, 0.53),
(195, 'Acer', 16, 0, 0.46, 0.53),
(196, 'Acer', 14, 0, 1, 0),
(197, 'Acer', 14, 0, 1, 0),
(198, 'Acer', 14, 0, 1, 0),
(199, 'Acer', 14, 0, 1, 0),
(200, 'Acer', 16, 0, 0.46, 0.53),
(201, 'Lenovo', 14, 0, 1, 0),
(202, 'Lenovo', 14, 0, 1, 0),
(203, 'Lenovo', 14, 0, 1, 0),
(204, 'Lenovo', 14, 0, 1, 0),
(205, 'Lenovo', 14, 0, 1, 0),
(206, 'Lenovo', 14, 0, 1, 0),
(207, 'Lenovo', 14, 0, 1, 0),
(208, 'Lenovo', 13, 0.23, 0.76, 0),
(209, 'Lenovo', 14, 0, 1, 0),
(210, 'Lenovo', 14, 0, 1, 0),
(211, 'Lenovo', 14, 0, 1, 0);

-- --------------------------------------------------------

--
-- Table structure for table `fuzzy_processor`
--

CREATE TABLE `fuzzy_processor` (
  `id` int(11) NOT NULL,
  `merek` varchar(20) NOT NULL,
  `processor` int(11) NOT NULL,
  `pelan` float NOT NULL,
  `sedang` float NOT NULL,
  `cepat` float NOT NULL
) ENGINE=InnoDB DEFAULT CHARSET=utf8mb4;

--
-- Dumping data for table `fuzzy_processor`
--

INSERT INTO `fuzzy_processor` (`id`, `merek`, `processor`, `pelan`, `sedang`, `cepat`) VALUES
(1, 'Apple', 2300, 0, 0.4, 0.06),
(2, 'Apple', 1800, 0.4, 0.6, 0),
(3, 'HP', 2500, 0, 0, 1),
(4, 'Apple', 2700, 0, 0, 1),
(5, 'Apple', 3100, 0, 0, 1),
(6, 'Acer', 3000, 0, 0, 1),
(7, 'Apple', 2200, 0, 0.6, 0.4),
(8, 'Apple', 1800, 0.4, 0.6, 0),
(9, 'Asus', 1800, 0.4, 0.6, 0),
(10, 'Acer', 1600, 0.8, 0.2, 0),
(11, 'HP', 2500, 0, 0, 1),
(12, 'HP', 2000, 0, 1, 0),
(13, 'Apple', 2800, 0, 0, 1),
(14, 'Dell', 2000, 0, 1, 0),
(15, 'Apple', 1200, 1, 0, 0),
(16, 'Apple', 2300, 0, 0.4, 0.06),
(17, 'Dell', 2700, 0, 0, 1),
(18, 'Apple', 2900, 0, 0, 1),
(19, 'Lenovo', 2400, 0, 0.2, 0.08),
(20, 'Dell', 1600, 0.8, 0.2, 0),
(21, 'Asus', 1440, 1, 0, 0),
(22, 'Lenovo', 2500, 0, 0, 1),
(23, 'HP', 1500, 1, 0, 0),
(24, 'Dell', 1600, 0.8, 0.2, 0),
(25, 'HP', 2000, 0, 1, 0),
(26, 'Dell', 2000, 0, 1, 0),
(27, 'Apple', 1600, 0.8, 0.2, 0),
(28, 'Dell', 1600, 0.8, 0.2, 0),
(29, 'Dell', 1900, 0.2, 0.8, 0),
(30, 'HP', 1600, 0.8, 0.2, 0),
(31, 'Chuwi', 1440, 1, 0, 0),
(32, 'Asus', 1500, 1, 0, 0),
(33, 'HP', 2500, 0, 0, 1),
(34, 'Dell', 1800, 0.4, 0.6, 0),
(35, 'Apple', 1600, 0.8, 0.2, 0),
(36, 'Lenovo', 1100, 1, 0, 0),
(37, 'Acer', 2700, 0, 0, 1),
(38, 'Dell', 1600, 0.8, 0.2, 0),
(39, 'HP', 2500, 0, 0, 1),
(40, 'HP', 1600, 0.8, 0.2, 0),
(41, 'Asus', 2000, 0, 1, 0),
(42, 'Dell', 2800, 0, 0, 1),
(43, 'Asus', 2500, 0, 0, 1),
(44, 'Acer', 1600, 0.8, 0.2, 0),
(45, 'Dell', 1600, 0.8, 0.2, 0),
(46, 'Apple', 2000, 0, 1, 0),
(47, 'Lenovo', 2000, 0, 1, 0),
(48, 'Asus', 3000, 0, 0, 1),
(49, 'Dell', 2500, 0, 0, 1),
(50, 'Asus', 1100, 1, 0, 0),
(51, 'Lenovo', 1440, 1, 0, 0),
(52, 'Acer', 1800, 0.4, 0.6, 0),
(53, 'HP', 2500, 0, 0, 1),
(54, 'HP', 1800, 0.4, 0.6, 0),
(55, 'Acer', 2400, 0, 0.2, 0.08),
(56, 'Dell', 1800, 0.4, 0.6, 0),
(57, 'HP', 2000, 0, 1, 0),
(58, 'Asus', 2500, 0, 0, 1),
(59, 'MSI', 2800, 0, 0, 1),
(60, 'Asus', 2000, 0, 1, 0),
(61, 'Dell', 1800, 0.4, 0.6, 0),
(62, 'Dell', 1600, 0.8, 0.2, 0),
(63, 'Lenovo', 2700, 0, 0, 1),
(64, 'Asus', 1600, 0.8, 0.2, 0),
(65, 'HP', 2500, 0, 0, 1),
(66, 'Asus', 2800, 0, 0, 1),
(67, 'HP', 2000, 0, 1, 0),
(68, 'HP', 1600, 0.8, 0.2, 0),
(69, 'Lenovo', 2500, 0, 0, 1),
(70, 'Asus', 2800, 0, 0, 1),
(71, 'Dell', 1800, 0.4, 0.6, 0),
(72, 'Dell', 1800, 0.4, 0.6, 0),
(73, 'MSI', 2500, 0, 0, 1),
(74, 'Acer', 2000, 0, 1, 0),
(75, 'Asus', 2800, 0, 0, 1),
(76, 'Lenovo', 2500, 0, 0, 1),
(77, 'Dell', 1800, 0.4, 0.6, 0),
(78, 'Acer', 2700, 0, 0, 1),
(79, 'HP', 1600, 0.8, 0.2, 0),
(80, 'Dell', 1300, 1, 0, 0),
(81, 'Apple', 1600, 0.8, 0.2, 0),
(82, 'HP', 1600, 0.8, 0.2, 0),
(83, 'Lenovo', 2500, 0, 0, 1),
(84, 'Acer', 3000, 0, 0, 1),
(85, 'Dell', 2800, 0, 0, 1),
(86, 'HP', 1800, 0.4, 0.6, 0),
(87, 'HP', 2500, 0, 0, 1),
(88, 'Asus', 2800, 0, 0, 1),
(89, 'Dell', 1800, 0.4, 0.6, 0),
(90, 'Dell', 3000, 0, 0, 1),
(91, 'Acer', 1800, 0.4, 0.6, 0),
(92, 'HP', 1800, 0.4, 0.6, 0),
(93, 'Dell', 2500, 0, 0, 1),
(94, 'Asus', 2700, 0, 0, 1),
(95, 'Acer', 1600, 0.8, 0.2, 0),
(96, 'Dell', 2700, 0, 0, 1),
(97, 'Dell', 2000, 0, 1, 0),
(98, 'Asus', 2400, 0, 0.2, 0.08),
(99, 'HP', 2800, 0, 0, 1),
(100, 'HP', 2700, 0, 0, 1),
(101, 'HP', 1500, 1, 0, 0),
(102, 'Dell', 1600, 0.8, 0.2, 0),
(103, 'HP', 2700, 0, 0, 1),
(104, 'Microsoft', 2500, 0, 0, 1),
(105, 'HP', 2500, 0, 0, 1),
(106, 'Lenovo', 2000, 0, 1, 0),
(107, 'Asus', 2700, 0, 0, 1),
(108, 'MSI', 2800, 0, 0, 1),
(109, 'Lenovo', 2700, 0, 0, 1),
(110, 'Asus', 1800, 0.4, 0.6, 0),
(111, 'Dell', 2400, 0, 0.2, 0.08),
(112, 'Lenovo', 2500, 0, 0, 1),
(113, 'HP', 1600, 0.8, 0.2, 0),
(114, 'Dell', 1600, 0.8, 0.2, 0),
(115, 'HP', 1600, 0.8, 0.2, 0),
(116, 'HP', 1800, 0.4, 0.6, 0),
(117, 'Dell', 1800, 0.4, 0.6, 0),
(118, 'Asus', 2000, 0, 1, 0),
(119, 'Asus', 1800, 0.4, 0.6, 0),
(120, 'Acer', 1800, 0.4, 0.6, 0),
(121, 'MSI', 2400, 0, 0.2, 0.08),
(122, 'Lenovo', 2500, 0, 0, 1),
(123, 'HP', 1800, 0.4, 0.6, 0),
(124, 'Acer', 3000, 0, 0, 1),
(125, 'HP', 1600, 0.8, 0.2, 0),
(126, 'HP', 1600, 0.8, 0.2, 0),
(127, 'Asus', 1500, 1, 0, 0),
(128, 'Dell', 1800, 0.4, 0.6, 0),
(129, 'HP', 1600, 0.8, 0.2, 0),
(130, 'Dell', 2500, 0, 0, 1),
(131, 'Dell', 2000, 0, 1, 0),
(132, 'Acer', 1800, 0.4, 0.6, 0),
(133, 'Dell', 2700, 0, 0, 1),
(134, 'HP', 2700, 0, 0, 1),
(135, 'HP', 1800, 0.4, 0.6, 0),
(136, 'Lenovo', 1100, 1, 0, 0),
(137, 'HP', 2500, 0, 0, 1),
(138, 'Lenovo', 2500, 0, 0, 1),
(139, 'HP', 2500, 0, 0, 1),
(140, 'Acer', 2700, 0, 0, 1),
(141, 'Lenovo', 1600, 0.8, 0.2, 0),
(142, 'Lenovo', 2800, 0, 0, 1),
(143, 'Toshiba', 2300, 0, 0.4, 0.06),
(144, 'HP', 2500, 0, 0, 1),
(145, 'Asus', 1800, 0.4, 0.6, 0),
(146, 'HP', 1200, 1, 0, 0),
(147, 'Asus', 1100, 1, 0, 0),
(148, 'MSI', 2800, 0, 0, 1),
(149, 'Acer', 2000, 0, 1, 0),
(150, 'Dell', 2800, 0, 0, 1),
(151, 'Asus', 1900, 0.2, 0.8, 0),
(152, 'Asus', 2600, 0, 0, 1),
(153, 'Asus', 2600, 0, 0, 1),
(154, 'Asus', 2800, 0, 0, 1),
(155, 'Asus', 2800, 0, 0, 1),
(156, 'Asus', 3100, 0, 0, 1),
(157, 'Asus', 3100, 0, 0, 1),
(158, 'Asus', 3200, 0, 0, 1),
(159, 'Asus', 3200, 0, 0, 1),
(160, 'Asus', 3200, 0, 0, 1),
(161, 'Asus', 3200, 0, 0, 1),
(162, 'Asus', 3100, 0, 0, 1),
(163, 'Asus', 3200, 0, 0, 1),
(164, 'Asus', 3200, 0, 0, 1),
(165, 'Asus', 3200, 0, 0, 1),
(166, 'HP', 1800, 0.4, 0.6, 0),
(167, 'HP', 2500, 0, 0, 1),
(168, 'HP', 2100, 0, 0.8, 0.02),
(169, 'HP', 2400, 0, 0.2, 0.08),
(170, 'HP', 2500, 0, 0, 1),
(171, 'HP', 2500, 0, 0, 1),
(172, 'HP', 2500, 0, 0, 1),
(173, 'HP', 2100, 0, 0.8, 0.02),
(174, 'HP', 2100, 0, 0.8, 0.02),
(175, 'HP', 2300, 0, 0.4, 0.06),
(176, 'HP', 2500, 0, 0, 1),
(177, 'HP', 3100, 0, 0, 1),
(178, 'HP', 3100, 0, 0, 1),
(179, 'HP', 3100, 0, 0, 1),
(180, 'Lenovo', 1800, 0.4, 0.6, 0),
(181, 'Acer', 1800, 0.4, 0.6, 0),
(182, 'Acer', 2400, 0, 0.2, 0.08),
(183, 'Acer', 2500, 0, 0, 1),
(184, 'Acer', 2700, 0, 0, 1),
(185, 'Acer', 2700, 0, 0, 1),
(186, 'Acer', 2700, 0, 0, 1),
(187, 'Acer', 2700, 0, 0, 1),
(188, 'Acer', 3100, 0, 0, 1),
(189, 'Acer', 3100, 0, 0, 1),
(190, 'Acer', 3100, 0, 0, 1),
(191, 'Acer', 2700, 0, 0, 1),
(192, 'Acer', 3100, 0, 0, 1),
(193, 'Acer', 3100, 0, 0, 1),
(194, 'Acer', 2500, 0, 0, 1),
(195, 'Acer', 3200, 0, 0, 1),
(196, 'Acer', 2500, 0, 0, 1),
(197, 'Acer', 2500, 0, 0, 1),
(198, 'Acer', 2100, 0, 0.8, 0.02),
(199, 'Acer', 2100, 0, 0.8, 0.02),
(200, 'Acer', 2100, 0, 0.8, 0.02),
(201, 'Lenovo', 1800, 0.4, 0.6, 0),
(202, 'Lenovo', 1800, 0.4, 0.6, 0),
(203, 'Lenovo', 2400, 0, 0.2, 0.08),
(204, 'Lenovo', 2800, 0, 0, 1),
(205, 'Lenovo', 2700, 0, 0, 1),
(206, 'Lenovo', 2700, 0, 0, 1),
(207, 'Lenovo', 2500, 0, 0, 1),
(208, 'Lenovo', 2700, 0, 0, 1),
(209, 'Lenovo', 3100, 0, 0, 1),
(210, 'Lenovo', 3100, 0, 0, 1),
(211, 'Lenovo', 3100, 0, 0, 1);

-- --------------------------------------------------------

--
-- Table structure for table `fuzzy_ram`
--

CREATE TABLE `fuzzy_ram` (
  `id` int(11) NOT NULL,
  `merek` varchar(20) NOT NULL,
  `ram` int(11) NOT NULL,
  `kecil` float NOT NULL,
  `sedang` float NOT NULL,
  `besar` float NOT NULL
) ENGINE=InnoDB DEFAULT CHARSET=utf8mb4;

--
-- Dumping data for table `fuzzy_ram`
--

INSERT INTO `fuzzy_ram` (`id`, `merek`, `ram`, `kecil`, `sedang`, `besar`) VALUES
(1, 'Apple', 8, 0, 0, 1),
(2, 'Apple', 8, 0, 0, 1),
(3, 'HP', 8, 0, 0, 1),
(4, 'Apple', 16, 0, 0, 1),
(5, 'Apple', 8, 0, 0, 1),
(6, 'Acer', 4, 0, 1, 0),
(7, 'Apple', 16, 0, 0, 1),
(8, 'Apple', 8, 0, 0, 1),
(9, 'Asus', 16, 0, 0, 1),
(10, 'Acer', 8, 0, 0, 1),
(11, 'HP', 4, 0, 1, 0),
(12, 'HP', 4, 0, 1, 0),
(13, 'Apple', 16, 0, 0, 1),
(14, 'Dell', 4, 0, 1, 0),
(15, 'Apple', 8, 0, 0, 1),
(16, 'Apple', 8, 0, 0, 1),
(17, 'Dell', 8, 0, 0, 1),
(18, 'Apple', 16, 0, 0, 1),
(19, 'Lenovo', 8, 0, 0, 1),
(20, 'Dell', 8, 0, 0, 1),
(21, 'Asus', 2, 1, 0, 0),
(22, 'Lenovo', 8, 0, 0, 1),
(23, 'HP', 4, 0, 1, 0),
(24, 'Dell', 8, 0, 0, 1),
(25, 'HP', 8, 0, 0, 1),
(26, 'Dell', 4, 0, 1, 0),
(27, 'Apple', 8, 0, 0, 1),
(28, 'Dell', 8, 0, 0, 1),
(29, 'Dell', 8, 0, 0, 1),
(30, 'HP', 8, 0, 0, 1),
(31, 'Chuwi', 4, 0, 1, 0),
(32, 'Asus', 2, 1, 0, 0),
(33, 'HP', 4, 0, 1, 0),
(34, 'Dell', 16, 0, 0, 1),
(35, 'Apple', 8, 0, 0, 1),
(36, 'Lenovo', 4, 0, 1, 0),
(37, 'Acer', 4, 0, 1, 0),
(38, 'Dell', 8, 0, 0, 1),
(39, 'HP', 4, 0, 1, 0),
(40, 'HP', 8, 0, 0, 1),
(41, 'Asus', 4, 0, 1, 0),
(42, 'Dell', 16, 0, 0, 1),
(43, 'Asus', 8, 0, 0, 1),
(44, 'Acer', 4, 0, 1, 0),
(45, 'Dell', 12, 0, 0, 1),
(46, 'Apple', 8, 0, 0, 1),
(47, 'Lenovo', 4, 0, 1, 0),
(48, 'Asus', 8, 0, 0, 1),
(49, 'Dell', 4, 0, 1, 0),
(50, 'Asus', 4, 0, 1, 0),
(51, 'Lenovo', 4, 0, 1, 0),
(52, 'Acer', 8, 0, 0, 1),
(53, 'HP', 4, 0, 1, 0),
(54, 'HP', 8, 0, 0, 1),
(55, 'Acer', 4, 0, 1, 0),
(56, 'Dell', 8, 0, 0, 1),
(57, 'HP', 4, 0, 1, 0),
(58, 'Asus', 4, 0, 1, 0),
(59, 'MSI', 16, 0, 0, 1),
(60, 'Asus', 4, 0, 1, 0),
(61, 'Dell', 16, 0, 0, 1),
(62, 'Dell', 8, 0, 0, 1),
(63, 'Lenovo', 8, 0, 0, 1),
(64, 'Asus', 8, 0, 0, 1),
(65, 'HP', 8, 0, 0, 1),
(66, 'Asus', 16, 0, 0, 1),
(67, 'HP', 4, 0, 1, 0),
(68, 'HP', 4, 0, 1, 0),
(69, 'Lenovo', 4, 0, 1, 0),
(70, 'Asus', 12, 0, 0, 1),
(71, 'Dell', 8, 0, 0, 1),
(72, 'Dell', 8, 0, 0, 1),
(73, 'MSI', 8, 0, 0, 1),
(74, 'Acer', 8, 0, 0, 1),
(75, 'Asus', 8, 0, 0, 1),
(76, 'Lenovo', 8, 0, 0, 1),
(77, 'Dell', 4, 0, 1, 0),
(78, 'Acer', 4, 0, 1, 0),
(79, 'HP', 8, 0, 0, 1),
(80, 'Dell', 8, 0, 0, 1),
(81, 'Apple', 8, 0, 0, 1),
(82, 'HP', 8, 0, 0, 1),
(83, 'Lenovo', 4, 0, 1, 0),
(84, 'Acer', 4, 0, 1, 0),
(85, 'Dell', 16, 0, 0, 1),
(86, 'HP', 8, 0, 0, 1),
(87, 'HP', 8, 0, 0, 1),
(88, 'Asus', 16, 0, 0, 1),
(89, 'Dell', 8, 0, 0, 1),
(90, 'Dell', 8, 0, 0, 1),
(91, 'Acer', 8, 0, 0, 1),
(92, 'HP', 16, 0, 0, 1),
(93, 'Dell', 8, 0, 0, 1),
(94, 'Asus', 8, 0, 0, 1),
(95, 'Acer', 8, 0, 0, 1),
(96, 'Dell', 8, 0, 0, 1),
(97, 'Dell', 4, 0, 1, 0),
(98, 'Asus', 6, 0, 0, 1),
(99, 'HP', 12, 0, 0, 1),
(100, 'HP', 8, 0, 0, 1),
(101, 'HP', 4, 0, 1, 0),
(102, 'Dell', 8, 0, 0, 1),
(103, 'HP', 8, 0, 0, 1),
(104, 'Microsoft', 8, 0, 0, 1),
(105, 'HP', 6, 0, 0, 1),
(106, 'Lenovo', 4, 0, 1, 0),
(107, 'Asus', 8, 0, 0, 1),
(108, 'MSI', 16, 0, 0, 1),
(109, 'Lenovo', 8, 0, 0, 1),
(110, 'Asus', 16, 0, 0, 1),
(111, 'Dell', 8, 0, 0, 1),
(112, 'Lenovo', 8, 0, 0, 1),
(113, 'HP', 4, 0, 1, 0),
(114, 'Dell', 8, 0, 0, 1),
(115, 'HP', 8, 0, 0, 1),
(116, 'HP', 8, 0, 0, 1),
(117, 'Dell', 8, 0, 0, 1),
(118, 'Asus', 4, 0, 1, 0),
(119, 'Asus', 8, 0, 0, 1),
(120, 'Acer', 6, 0, 0, 1),
(121, 'MSI', 16, 0, 0, 1),
(122, 'Lenovo', 8, 0, 0, 1),
(123, 'HP', 16, 0, 0, 1),
(124, 'Acer', 4, 0, 1, 0),
(125, 'HP', 4, 0, 1, 0),
(126, 'HP', 8, 0, 0, 1),
(127, 'Asus', 4, 0, 1, 0),
(128, 'Dell', 16, 0, 0, 1),
(129, 'HP', 8, 0, 0, 1),
(130, 'Dell', 8, 0, 0, 1),
(131, 'Dell', 4, 0, 1, 0),
(132, 'Acer', 8, 0, 0, 1),
(133, 'Dell', 4, 0, 1, 0),
(134, 'HP', 8, 0, 0, 1),
(135, 'HP', 8, 0, 0, 1),
(136, 'Lenovo', 4, 0, 1, 0),
(137, 'HP', 8, 0, 0, 1),
(138, 'Lenovo', 4, 0, 1, 0),
(139, 'HP', 4, 0, 1, 0),
(140, 'Acer', 4, 0, 1, 0),
(141, 'Lenovo', 8, 0, 0, 1),
(142, 'Lenovo', 8, 0, 0, 1),
(143, 'Toshiba', 4, 0, 1, 0),
(144, 'HP', 4, 0, 1, 0),
(145, 'Asus', 8, 0, 0, 1),
(146, 'HP', 8, 0, 0, 1),
(147, 'Asus', 4, 0, 1, 0),
(148, 'MSI', 16, 0, 0, 1),
(149, 'Acer', 4, 0, 1, 0),
(150, 'Dell', 16, 0, 0, 1),
(151, 'Asus', 4, 0, 1, 0),
(152, 'Asus', 8, 0, 0, 1),
(153, 'Asus', 4, 0, 1, 0),
(154, 'Asus', 8, 0, 0, 1),
(155, 'Asus', 8, 0, 0, 1),
(156, 'Asus', 8, 0, 0, 1),
(157, 'Asus', 4, 0, 1, 0),
(158, 'Asus', 12, 0, 0, 1),
(159, 'Asus', 8, 0, 0, 1),
(160, 'Asus', 8, 0, 0, 1),
(161, 'Asus', 8, 0, 0, 1),
(162, 'Asus', 8, 0, 0, 1),
(163, 'Asus', 8, 0, 0, 1),
(164, 'Asus', 8, 0, 0, 1),
(165, 'Asus', 8, 0, 0, 1),
(166, 'HP', 4, 0, 1, 0),
(167, 'HP', 8, 0, 0, 1),
(168, 'HP', 4, 0, 1, 0),
(169, 'HP', 8, 0, 0, 1),
(170, 'HP', 16, 0, 0, 1),
(171, 'HP', 16, 0, 0, 1),
(172, 'HP', 8, 0, 0, 1),
(173, 'HP', 16, 0, 0, 1),
(174, 'HP', 16, 0, 0, 1),
(175, 'HP', 8, 0, 0, 1),
(176, 'HP', 8, 0, 0, 1),
(177, 'HP', 8, 0, 0, 1),
(178, 'HP', 16, 0, 0, 1),
(179, 'HP', 16, 0, 0, 1),
(180, 'Lenovo', 4, 0, 1, 0),
(181, 'Acer', 4, 0, 1, 0),
(182, 'Acer', 4, 0, 1, 0),
(183, 'Acer', 8, 0, 0, 1),
(184, 'Acer', 4, 0, 1, 0),
(185, 'Acer', 8, 0, 0, 1),
(186, 'Acer', 4, 0, 1, 0),
(187, 'Acer', 8, 0, 0, 1),
(188, 'Acer', 8, 0, 0, 1),
(189, 'Acer', 8, 0, 0, 1),
(190, 'Acer', 16, 0, 0, 1),
(191, 'Acer', 16, 0, 0, 1),
(192, 'Acer', 16, 0, 0, 1),
(193, 'Acer', 8, 0, 0, 1),
(194, 'Acer', 8, 0, 0, 1),
(195, 'Acer', 16, 0, 0, 1),
(196, 'Acer', 16, 0, 0, 1),
(197, 'Acer', 16, 0, 0, 1),
(198, 'Acer', 8, 0, 0, 1),
(199, 'Acer', 16, 0, 0, 1),
(200, 'Acer', 8, 0, 0, 1),
(201, 'Lenovo', 8, 0, 0, 1),
(202, 'Lenovo', 4, 0, 1, 0),
(203, 'Lenovo', 8, 0, 0, 1),
(204, 'Lenovo', 8, 0, 0, 1),
(205, 'Lenovo', 8, 0, 0, 1),
(206, 'Lenovo', 8, 0, 0, 1),
(207, 'Lenovo', 8, 0, 0, 1),
(208, 'Lenovo', 8, 0, 0, 1),
(209, 'Lenovo', 8, 0, 0, 1),
(210, 'Lenovo', 8, 0, 0, 1),
(211, 'Lenovo', 8, 0, 0, 1);

-- --------------------------------------------------------

--
-- Table structure for table `kelompok`
--

CREATE TABLE `kelompok` (
  `id` int(10) NOT NULL,
  `nama kelompok` varchar(30) NOT NULL
) ENGINE=InnoDB DEFAULT CHARSET=utf8mb4;

--
-- Dumping data for table `kelompok`
--

INSERT INTO `kelompok` (`id`, `nama kelompok`) VALUES
(1, 'harga'),
(2, 'jarak');

-- --------------------------------------------------------

--
-- Table structure for table `laptop_tb`
--

CREATE TABLE `laptop_tb` (
  `id` int(11) NOT NULL,
  `merek` varchar(20) NOT NULL,
  `harga` int(11) NOT NULL,
  `hardisk` int(11) NOT NULL,
  `ram` int(11) NOT NULL,
  `processor` int(11) NOT NULL,
  `layar` float NOT NULL,
  `berat` int(11) NOT NULL
) ENGINE=InnoDB DEFAULT CHARSET=utf8mb4;

--
-- Dumping data for table `laptop_tb`
--

INSERT INTO `laptop_tb` (`id`, `merek`, `harga`, `hardisk`, `ram`, `processor`, `layar`, `berat`) VALUES
(1, 'Apple', 21895893, 128, 8, 2300, 13.3, 1370),
(2, 'Apple', 14692275, 128, 8, 1800, 13.3, 1340),
(3, 'HP', 9397800, 256, 8, 2500, 15.6, 1860),
(4, 'Apple', 41472083, 512, 16, 2700, 15.4, 1830),
(5, 'Apple', 29478038, 256, 8, 3100, 13.3, 1370),
(6, 'Acer', 6537600, 500, 4, 3000, 15.6, 1000),
(7, 'Apple', 34975670, 256, 16, 2200, 15.4, 2040),
(8, 'Apple', 18937793, 256, 8, 1800, 13.3, 1340),
(9, 'Asus', 24434280, 512, 16, 1800, 14, 1300),
(10, 'Acer', 12584880, 256, 8, 1600, 14, 1600),
(11, 'HP', 6437902, 500, 4, 2500, 15.6, 1860),
(12, 'HP', 5638517, 500, 4, 2000, 15.6, 1860),
(13, 'Apple', 39878870, 256, 16, 2800, 15.4, 1830),
(14, 'Dell', 8154022, 256, 4, 2000, 15.6, 2200),
(15, 'Apple', 20632666, 256, 8, 1200, 12, 920),
(16, 'Apple', 24819181, 256, 8, 2300, 13.3, 1370),
(17, 'Dell', 12176280, 256, 8, 2700, 15.6, 2200),
(18, 'Apple', 46711152, 512, 16, 2900, 15.4, 1830),
(19, 'Lenovo', 8155656, 1000, 8, 2400, 15.6, 2200),
(20, 'Dell', 16000776, 128, 8, 1600, 13.3, 1220),
(21, 'Asus', 3136414, 32, 2, 1440, 11.6, 980),
(22, 'Lenovo', 16327656, 1128, 8, 2500, 15.6, 2500),
(23, 'HP', 4658040, 500, 4, 1500, 15.6, 1860),
(24, 'Dell', 13385736, 256, 8, 1600, 13.3, 1620),
(25, 'HP', 10770696, 256, 8, 2000, 15.6, 1910),
(26, 'Dell', 6842252, 1000, 4, 2000, 15.6, 2300),
(27, 'Apple', 17962056, 128, 8, 1600, 13.3, 1350),
(28, 'Dell', 13075200, 256, 8, 1600, 15.6, 2200),
(29, 'Dell', 21214512, 512, 8, 1900, 15.6, 1880),
(30, 'HP', 14644224, 1000, 8, 1600, 17.3, 2500),
(31, 'Chuwi', 4004117, 64, 4, 1440, 15.6, 1890),
(32, 'Asus', 3252456, 32, 2, 1500, 14, 1650),
(33, 'HP', 7175016, 500, 4, 2500, 17.3, 2710),
(34, 'Dell', 30546936, 512, 16, 1800, 13.3, 1200),
(35, 'Apple', 16311312, 256, 8, 1600, 13.3, 1350),
(36, 'Lenovo', 4069656, 64, 4, 1100, 14, 1440),
(37, 'Acer', 5998248, 1000, 4, 2700, 15.6, 2100),
(38, 'Dell', 16000776, 1128, 8, 1600, 17.3, 2800),
(39, 'HP', 7987149, 1000, 4, 2500, 15.6, 1860),
(40, 'HP', 14366376, 256, 8, 1600, 15.6, 2100),
(41, 'Asus', 6357816, 1000, 4, 2000, 15.6, 2000),
(42, 'Dell', 24499656, 1256, 16, 2800, 15.6, 2650),
(43, 'Asus', 8547749, 1000, 8, 2500, 15.6, 2300),
(44, 'Acer', 11146608, 256, 4, 1600, 15.6, 2200),
(45, 'Dell', 16327656, 1000, 12, 1600, 17.3, 2770),
(46, 'Apple', 23192136, 256, 8, 2000, 13.3, 1370),
(47, 'Lenovo', 6030936, 128, 4, 2000, 15.6, 2200),
(48, 'Asus', 21230856, 1256, 8, 3000, 17.3, 3200),
(49, 'Dell', 10443816, 256, 4, 2500, 15.6, 2300),
(50, 'Asus', 7616304, 1000, 4, 1100, 17.3, 2800),
(51, 'Lenovo', 5213736, 64, 4, 1440, 10.1, 69000),
(52, 'Acer', 13745304, 256, 8, 1800, 15.6, 2200),
(53, 'HP', 6512921, 256, 4, 2500, 15.6, 1860),
(54, 'HP', 18027432, 512, 8, 1800, 13.3, 1490),
(55, 'Acer', 6276096, 1000, 4, 2400, 15.6, 2400),
(56, 'Dell', 12548923, 256, 8, 1800, 15.6, 2130),
(57, 'HP', 7175016, 128, 4, 2000, 15.6, 1910),
(58, 'Asus', 9580689, 256, 4, 2500, 15.6, 2000),
(59, 'MSI', 40026456, 2256, 16, 2800, 17.3, 2430),
(60, 'Asus', 6782760, 256, 4, 2000, 15.6, 2000),
(61, 'Dell', 21230856, 2256, 16, 1800, 17.3, 2800),
(62, 'Dell', 14366376, 256, 8, 1600, 14, 1700),
(63, 'Lenovo', 9790056, 256, 8, 2700, 14, 1700),
(64, 'Asus', 15379704, 256, 8, 1600, 14, 1400),
(65, 'HP', 11277360, 256, 8, 2500, 15.6, 1860),
(66, 'Asus', 32410152, 512, 16, 2800, 15.6, 1800),
(67, 'HP', 7169949, 500, 4, 2000, 15.6, 1860),
(68, 'HP', 3742776, 32, 4, 1600, 14, 1440),
(69, 'Lenovo', 8972856, 1000, 4, 2500, 15.6, 1900),
(70, 'Asus', 15510456, 1000, 12, 2800, 17.3, 3000),
(71, 'Dell', 15608520, 256, 8, 1800, 13.3, 1400),
(72, 'Dell', 14219280, 256, 8, 1800, 15.6, 2200),
(73, 'MSI', 17896680, 1128, 8, 2500, 17.3, 2700),
(74, 'Acer', 6357816, 1000, 8, 2000, 14, 2100),
(75, 'Asus', 15510456, 1000, 8, 2800, 15.6, 2200),
(76, 'Lenovo', 8482536, 2000, 8, 2500, 15.6, 2200),
(77, 'Dell', 13974120, 1128, 4, 1800, 15.6, 2020),
(78, 'Acer', 8662320, 1000, 4, 2700, 15.6, 2200),
(79, 'HP', 15968088, 1128, 8, 1600, 17.3, 2500),
(80, 'Dell', 17915639, 256, 8, 1300, 15.6, 1880),
(81, 'Apple', 24679440, 512, 8, 1600, 12, 920),
(82, 'HP', 14055840, 256, 8, 1600, 14, 1630),
(83, 'Lenovo', 6521256, 128, 4, 2500, 15.6, 2200),
(84, 'Acer', 6455880, 1000, 4, 3000, 15.6, 2100),
(85, 'Dell', 22048056, 1128, 16, 2800, 15.6, 2650),
(86, 'HP', 11424456, 256, 8, 1800, 15.6, 1830),
(87, 'HP', 9789893, 256, 8, 2500, 15.6, 1960),
(88, 'Asus', 23682456, 1128, 16, 2800, 15.6, 2200),
(89, 'Dell', 26951256, 256, 8, 1800, 13.3, 1210),
(90, 'Dell', 11424456, 256, 8, 3000, 15.6, 2450),
(91, 'Acer', 11261016, 1000, 8, 1800, 15.6, 2200),
(92, 'HP', 19563768, 512, 16, 1800, 13.3, 1490),
(93, 'Dell', 19531080, 256, 8, 2500, 15.6, 2650),
(94, 'Asus', 17144856, 256, 8, 2700, 14, 1250),
(95, 'Acer', 13843368, 256, 8, 1600, 13.3, 1500),
(96, 'Dell', 9804766, 1000, 8, 2700, 15.6, 2200),
(97, 'Dell', 7926840, 256, 4, 2000, 15.6, 2200),
(98, 'Asus', 9430488, 256, 6, 2400, 15.6, 2000),
(99, 'HP', 20413656, 1128, 12, 2800, 15.6, 2620),
(100, 'HP', 11751336, 256, 8, 2700, 15.6, 1910),
(101, 'HP', 5704056, 500, 4, 1500, 15.6, 2100),
(102, 'Dell', 10574568, 1000, 8, 1600, 15.6, 2200),
(103, 'HP', 18288936, 256, 8, 2700, 13.3, 1380),
(104, 'Microsoft', 21900960, 256, 8, 2500, 13.5, 1252),
(105, 'HP', 10770696, 256, 6, 2500, 14, 1580),
(106, 'Lenovo', 6766416, 1000, 4, 2000, 15.6, 1850),
(107, 'Asus', 19498392, 256, 8, 2700, 14, 3000),
(108, 'MSI', 21230856, 1256, 16, 2800, 15.6, 2200),
(109, 'Lenovo', 24189120, 256, 8, 2700, 14, 1580),
(110, 'Asus', 20626128, 1256, 16, 1800, 15.6, 1500),
(111, 'Dell', 22538376, 256, 8, 2400, 13.3, 1230),
(112, 'Lenovo', 22865256, 256, 8, 2500, 13.3, 1370),
(113, 'HP', 11800368, 500, 4, 1600, 14, 1630),
(114, 'Dell', 26624376, 256, 8, 1600, 13.3, 1210),
(115, 'HP', 22865093, 256, 8, 1600, 13.3, 1260),
(116, 'HP', 17716896, 512, 8, 1800, 14, 1630),
(117, 'Dell', 18474114, 1256, 8, 1800, 15.6, 2160),
(118, 'Asus', 9218016, 1000, 4, 2000, 17.3, 2000),
(119, 'Asus', 18272592, 256, 8, 1800, 15.6, 1700),
(120, 'Acer', 7828776, 1000, 6, 1800, 15.6, 2100),
(121, 'MSI', 36635076, 2256, 16, 2400, 15.6, 1800),
(122, 'Lenovo', 10280376, 256, 8, 2500, 15.6, 2200),
(123, 'HP', 20773224, 512, 16, 1800, 17.3, 2500),
(124, 'Acer', 7371144, 256, 4, 3000, 15.6, 2100),
(125, 'HP', 4233096, 500, 4, 1600, 15.6, 1860),
(126, 'HP', 13271328, 1000, 8, 1600, 14, 1630),
(127, 'Asus', 4543469, 64, 4, 1500, 14, 1650),
(128, 'Dell', 22816224, 2256, 16, 1800, 17.3, 2800),
(129, 'HP', 15167232, 256, 8, 1600, 17.3, 2500),
(130, 'Dell', 10443653, 1000, 8, 2500, 15.6, 2360),
(131, 'Dell', 7338456, 1000, 4, 2000, 15.6, 2200),
(132, 'Acer', 14448096, 256, 8, 1800, 14, 1600),
(133, 'Dell', 9348768, 256, 4, 2700, 15.6, 2200),
(134, 'HP', 9773712, 1000, 8, 2700, 15.6, 2050),
(135, 'HP', 16147872, 256, 8, 1800, 14, 1630),
(136, 'Lenovo', 4124572, 1000, 4, 1100, 15.6, 1900),
(137, 'HP', 15330672, 1128, 8, 2500, 17.3, 3000),
(138, 'Lenovo', 8155656, 1000, 4, 2500, 15.6, 2200),
(139, 'HP', 11424456, 256, 4, 2500, 13.3, 1320),
(140, 'Acer', 10705320, 1000, 4, 2700, 17.3, 3000),
(141, 'Lenovo', 18240231, 256, 8, 1600, 14, 1750),
(142, 'Lenovo', 14202936, 256, 8, 2800, 15.6, 2400),
(143, 'Toshiba', 9839088, 500, 4, 2300, 15.6, 2100),
(144, 'HP', 6030936, 256, 4, 2500, 15.6, 1860),
(145, 'Asus', 17962056, 256, 8, 1800, 14, 1250),
(146, 'HP', 32916816, 512, 8, 1200, 12.5, 970),
(147, 'Asus', 5622336, 1000, 4, 1100, 15.6, 2000),
(148, 'MSI', 33161976, 1256, 16, 2800, 17.3, 2900),
(149, 'Acer', 7305768, 1000, 4, 2000, 15.6, 2100),
(150, 'Dell', 20413656, 512, 16, 2800, 15.6, 2560),
(151, 'Asus', 4800000, 256, 4, 1900, 11.6, 2000),
(152, 'Asus', 9050000, 256, 8, 2600, 14, 2200),
(153, 'Asus', 5450000, 256, 4, 2600, 15.6, 2500),
(154, 'Asus', 7100000, 512, 8, 2800, 14, 2000),
(155, 'Asus', 6650000, 512, 8, 2800, 14, 2800),
(156, 'Asus', 7350000, 512, 8, 3100, 15.6, 2200),
(157, 'Asus', 7150000, 512, 4, 3100, 15.6, 1090),
(158, 'Asus', 14000000, 512, 12, 3200, 14.2, 2500),
(159, 'Asus', 12150000, 512, 8, 3200, 14, 2000),
(160, 'Asus', 12900000, 512, 8, 3200, 15.6, 2000),
(161, 'Asus', 13500000, 512, 8, 3200, 14, 2300),
(162, 'Asus', 13600000, 512, 8, 3100, 14, 2100),
(163, 'Asus', 11450000, 512, 8, 3200, 14, 2200),
(164, 'Asus', 13150000, 512, 8, 3200, 14, 2300),
(165, 'Asus', 14250000, 512, 8, 3200, 15.6, 2100),
(166, 'HP', 4700000, 256, 4, 1800, 14, 1080),
(167, 'HP', 11450000, 512, 8, 2500, 14, 2100),
(168, 'HP', 6800000, 512, 4, 2100, 14, 2000),
(169, 'HP', 10900000, 512, 8, 2400, 14, 2200),
(170, 'HP', 13600000, 512, 16, 2500, 14, 2100),
(171, 'HP', 13950000, 512, 16, 2500, 13.3, 2200),
(172, 'HP', 13150000, 512, 8, 2500, 14, 2500),
(173, 'HP', 12000000, 512, 16, 2100, 15.6, 2200),
(174, 'HP', 11950000, 512, 16, 2100, 15.6, 2100),
(175, 'HP', 14300000, 512, 8, 2300, 15.6, 2400),
(176, 'HP', 15800000, 512, 8, 2500, 16.6, 2500),
(177, 'HP', 16400000, 512, 8, 3100, 15.6, 2000),
(178, 'HP', 17650000, 512, 16, 3100, 15.6, 2100),
(179, 'HP', 21850000, 512, 16, 3100, 15.6, 2800),
(180, 'Lenovo', 5450000, 256, 4, 1800, 14, 1580),
(181, 'Acer', 4850000, 256, 4, 1800, 14, 1250),
(182, 'Acer', 6000000, 512, 4, 2400, 14, 2000),
(183, 'Acer', 6300000, 256, 8, 2500, 14, 2100),
(184, 'Acer', 6600000, 512, 4, 2700, 14, 1880),
(185, 'Acer', 7200000, 512, 8, 2700, 14, 2500),
(186, 'Acer', 7350000, 512, 4, 2700, 14, 2000),
(187, 'Acer', 7850000, 512, 8, 2700, 14, 2100),
(188, 'Acer', 9400000, 512, 8, 3100, 15.6, 2200),
(189, 'Acer', 10500000, 512, 8, 3100, 14, 2500),
(190, 'Acer', 12000000, 512, 16, 3100, 14, 1580),
(191, 'Acer', 11900000, 512, 16, 2700, 14, 2000),
(192, 'Acer', 12750000, 512, 16, 3100, 14, 2500),
(193, 'Acer', 12200000, 512, 8, 3100, 14, 2200),
(194, 'Acer', 14300000, 512, 8, 2500, 15.6, 2100),
(195, 'Acer', 20900000, 1000, 16, 3200, 15.6, 2800),
(196, 'Acer', 11950000, 512, 16, 2500, 14, 2000),
(197, 'Acer', 11950000, 512, 16, 2500, 14, 2000),
(198, 'Acer', 12300000, 512, 8, 2100, 14, 2500),
(199, 'Acer', 14950000, 512, 16, 2100, 14, 2500),
(200, 'Acer', 13000000, 512, 8, 2100, 15.6, 2500),
(201, 'Lenovo', 4600000, 256, 8, 1800, 14, 1880),
(202, 'Lenovo', 5100000, 512, 4, 1800, 14, 1580),
(203, 'Lenovo', 7700000, 512, 8, 2400, 14, 2000),
(204, 'Lenovo', 7750000, 512, 8, 2800, 14, 2000),
(205, 'Lenovo', 10900000, 512, 8, 2700, 14, 2800),
(206, 'Lenovo', 12650000, 512, 8, 2700, 14, 2800),
(207, 'Lenovo', 14800000, 512, 8, 2500, 14, 2800),
(208, 'Lenovo', 15700000, 512, 8, 2700, 13.3, 2000),
(209, 'Lenovo', 10500000, 512, 8, 3100, 14, 2000),
(210, 'Lenovo', 13950000, 512, 8, 3100, 14, 2200),
(211, 'Lenovo', 12250000, 512, 8, 3100, 14, 2200);

--
-- Indexes for dumped tables
--

--
-- Indexes for table `daftar_kriteria`
--
ALTER TABLE `daftar_kriteria`
  ADD PRIMARY KEY (`id`);

--
-- Indexes for table `daftar_kriteria_static`
--
ALTER TABLE `daftar_kriteria_static`
  ADD PRIMARY KEY (`id`);

--
-- Indexes for table `fuzzy_berat`
--
ALTER TABLE `fuzzy_berat`
  ADD PRIMARY KEY (`id`);

--
-- Indexes for table `fuzzy_fasilitas`
--
ALTER TABLE `fuzzy_fasilitas`
  ADD PRIMARY KEY (`id`);

--
-- Indexes for table `fuzzy_hardisk`
--
ALTER TABLE `fuzzy_hardisk`
  ADD PRIMARY KEY (`id`);

--
-- Indexes for table `fuzzy_harga`
--
ALTER TABLE `fuzzy_harga`
  ADD PRIMARY KEY (`id`);

--
-- Indexes for table `fuzzy_layar`
--
ALTER TABLE `fuzzy_layar`
  ADD PRIMARY KEY (`id`);

--
-- Indexes for table `fuzzy_processor`
--
ALTER TABLE `fuzzy_processor`
  ADD PRIMARY KEY (`id`);

--
-- Indexes for table `fuzzy_ram`
--
ALTER TABLE `fuzzy_ram`
  ADD PRIMARY KEY (`id`);

--
-- Indexes for table `kelompok`
--
ALTER TABLE `kelompok`
  ADD PRIMARY KEY (`id`);

--
-- Indexes for table `laptop_tb`
--
ALTER TABLE `laptop_tb`
  ADD PRIMARY KEY (`id`);

--
-- AUTO_INCREMENT for dumped tables
--

--
-- AUTO_INCREMENT for table `daftar_kriteria`
--
ALTER TABLE `daftar_kriteria`
  MODIFY `id` int(10) NOT NULL AUTO_INCREMENT, AUTO_INCREMENT=11;

--
-- AUTO_INCREMENT for table `daftar_kriteria_static`
--
ALTER TABLE `daftar_kriteria_static`
  MODIFY `id` int(10) NOT NULL AUTO_INCREMENT, AUTO_INCREMENT=307;

--
-- AUTO_INCREMENT for table `fuzzy_fasilitas`
--
ALTER TABLE `fuzzy_fasilitas`
  MODIFY `id` int(10) NOT NULL AUTO_INCREMENT, AUTO_INCREMENT=45;

--
-- AUTO_INCREMENT for table `kelompok`
--
ALTER TABLE `kelompok`
  MODIFY `id` int(10) NOT NULL AUTO_INCREMENT, AUTO_INCREMENT=3;
COMMIT;

/*!40101 SET CHARACTER_SET_CLIENT=@OLD_CHARACTER_SET_CLIENT */;
/*!40101 SET CHARACTER_SET_RESULTS=@OLD_CHARACTER_SET_RESULTS */;
/*!40101 SET COLLATION_CONNECTION=@OLD_COLLATION_CONNECTION */;
